node,anime,community
6,Trigun,0
20,Naruto,0
21,One Piece,0
27,Trinity Blood,0
28,Yakitate!! Japan,0
33,Kenpuu Denki Berserk,0
48,.hack//Sign,0
68,Black Cat,0
97,Last Exile,0
99,Mai-Otome,0
121,Fullmetal Alchemist,0
123,Fushigi Yuugi,0
129,Gensoumaden Saiyuuki,0
136,Hunter x Hunter,0
137,Hunter x Hunter: Original Video Animation,0
138,Hunter x Hunter: Greed Island,0
139,Hunter x Hunter: Greed Island Final,0
153,Juuni Kokuki,0
156,X,0
160,"Ima, Soko ni Iru Boku",0
164,Mononoke Hime,0
167,Scrapped Princess,0
182,Tenkuu no Escaflowne,0
199,Sen to Chihiro no Kamikakushi,0
202,Wolf's Rain,0
205,Samurai Champloo,0
207,Lodoss-tou Senki,0
223,Dragon Ball,0
225,Dragon Ball GT,0
238,Rekka no Honoo,0
249,InuYasha,0
251,Kyou kara Maou!,0
288,Bakuten Shoot Beyblade,0
297,Grenadier: Hohoemi no Senshi,0
298,.hack//Tasogare no Udewa Densetsu,0
317,Final Fantasy VII: Advent Children,0
356,Fate/stay night,0
389,Karas,0
393,Escaflowne,0
408,Final Fantasy VII: Last Order,0
417,Ragnarök The Animation,0
430,Fullmetal Alchemist: The Conqueror of Shamballa,0
435,Magic Knight Rayearth,0
442,Naruto Movie 1: Dai Katsugeki!! Yuki Hime Ninpouchou Dattebayo!,0
449,InuYasha Movie 4: Guren no Houraijima,0
450,InuYasha Movie 2: Kagami no Naka no Mugenjou,0
451,InuYasha Movie 3: Tenka Hadou no Ken,0
452,InuYasha Movie 1: Toki wo Koeru Omoi,0
459,One Piece Movie 01,0
460,One Piece Movie 02: Nejimaki-jima no Daibouken,0
461,One Piece Movie 03: Chinjuu-jima no Chopper Oukoku,0
462,One Piece Movie 04: Dead End no Bouken,0
463,One Piece Movie 05: Norowareta Seiken,0
464,One Piece Movie 06: Omatsuri Danshaku to Himitsu no Shima,0
465,One Piece Movie 07: Karakuri-jou no Mecha Kyohei,0
481,Yu☆Gi☆Oh! Duel Monsters,0
482,Yu☆Gi☆Oh! Duel Monsters GX,0
486,Kino no Tabi: The Beautiful World,0
502,Dragon Ball Movie 1: Shen Long no Densetsu,0
508,Tottoko Hamtarou,0
512,Majo no Takkyuubin,0
513,Tenkuu no Shiro Laputa,0
527,Pokemon,0
528,Pokemon Movie 01: Mewtwo no Gyakushuu,0
534,Slayers,0
535,Slayers Next,0
550,Yu☆Gi☆Oh!,0
552,Digimon Adventure,0
572,Kaze no Tani no Nausicaä,0
594,Naruto: Takigakure no Shitou - Ore ga Eiyuu Dattebayo!,0
597,Neko no Ongaeshi,0
617,Juubee Ninpuuchou,0
665,JoJo no Kimyou na Bouken: Adventure,0
666,JoJo no Kimyou na Bouken,0
732,Vampire Hunter D,0
738,MÄR,0
761,Naruto: Akaki Yotsuba no Clover wo Sagase,0
813,Dragon Ball Z,0
845,Kiba,0
856,Utawarerumono,0
859,Digimon Savers,0
873,.hack//Roots,0
874,Digimon Tamers,0
891,Dragon Ball Movie 2: Majinjou no Nemurihime,0
892,Dragon Ball Movie 3: Makafushigi Daibouken,0
893,Dragon Ball Movie 4: Saikyou e no Michi,0
894,Dragon Ball Z Movie 01: Ora no Gohan wo Kaese!!,0
895,Dragon Ball Z Movie 02: Kono Yo de Ichiban Tsuyoi Yatsu,0
896,Dragon Ball Z Movie 03: Chikyuu Marugoto Choukessen,0
897,Dragon Ball Z Movie 04: Super Saiyajin da Son Gokuu,0
898,Dragon Ball Z Movie 05: Tobikkiri no Saikyou tai Saikyou,0
899,Dragon Ball Z Movie 06: Gekitotsu!! 100-oku Power no Senshi-tachi,0
900,Dragon Ball Z Movie 07: Kyokugen Battle!! Sandai Super Saiyajin,0
901,"Dragon Ball Z Movie 08: Moetsukiro!! Nessen, Ressen, Chougekisen",0
902,Dragon Ball Z Movie 09: Ginga Girigiri!! Bucchigiri no Sugoi Yatsu,0
903,Dragon Ball Z Movie 10: Kiken na Futari! Super Senshi wa Nemurenai,0
904,Dragon Ball Z Movie 11: Super Senshi Gekiha!! Katsu no wa Ore da,0
905,Dragon Ball Z Movie 12: Fukkatsu no Fusion!! Gokuu to Vegeta,0
906,Dragon Ball Z Movie 13: Ryuuken Bakuhatsu!! Gokuu ga Yaraneba Dare ga Yaru,0
908,Fullmetal Alchemist: Premium Collection,0
936,Naruto Movie 2: Dai Gekitotsu! Maboroshi no Chiteiiseki Dattebayo!,0
957,Saiunkoku Monogatari,0
984,Dragon Ball Z: Saiya-jin Zetsumetsu Keikaku,0
985,Dragon Ball Z Special 2: Zetsubou e no Hankou!! Nokosareta Chousenshi - Gohan to Trunks,0
986,Dragon Ball Z Special 1: Tatta Hitori no Saishuu Kessen,0
987,Dragon Ball GT: Gokuu Gaiden! Yuuki no Akashi wa Suushinchuu,0
1017,Majutsushi Orphen,0
1023,Wolf's Rain OVA,0
1117,Pokemon Movie 02: Maboroshi no Pokemon Lugia Bakutan,0
1118,Pokemon Movie 03: Kesshoutou no Teiou Entei,0
1119,Pokemon Movie 04: Celebi Toki wo Koeta Deai,0
1120,Pokemon Movie 05: Mizu no Miyako no Mamorigami Latias to Latios,0
1121,Pokemon Movie 06: Nanayo no Negaiboshi Jirachi,0
1122,Pokemon Movie 07: Rekkuu no Houmonsha Deoxys,0
1132,Digimon Frontier,0
1172,Slayers Try,0
1250,Erementar Gerad,0
1253,Saint Seiya: Meiou Hades Meikai-hen,0
1254,Saint Seiya,0
1257,Saint Seiya: Meiou Hades Juuni Kyuu-hen,0
1292,Afro Samurai,0
1313,Digimon Adventure 02,0
1379,Kino no Tabi: The Beautiful World - Nanika wo Suru Tame ni - Life Goes On.,0
1482,D.Gray-man,0
1498,Black Blood Brothers,0
1526,Pokemon Movie 08: Mew to Hadou no Yuusha Lucario,0
1564,Pokemon Advanced Generation,0
1565,Pokemon Diamond & Pearl,0
1696,Murder Princess,0
1709,Pokemon: Mewtwo! Ware wa Koko ni Ari,0
1726,Devil May Cry,0
1731,Tales of Symphonia The Animation: Sylvarant-hen,0
1735,Naruto: Shippuuden,0
1815,Shakugan no Shana Movie,0
1818,Claymore,0
1827,Seirei no Moribito,0
1829,Ged Senki,0
1894,Yu☆Gi☆Oh! Hikari no Pyramid,0
2006,Yu☆Gi☆Oh! (Movie),0
2107,One Piece Movie 08: Episode of Alabasta - Sabaku no Oujo to Kaizoku-tachi,0
2142,Blue Dragon,0
2144,Naruto Movie 3: Dai Koufun! Mikazuki-jima no Animal Panic Dattebayo!,0
2156,Bakugan Battle Brawlers,0
2175,Kino no Tabi: The Beautiful World - Byouki no Kuni - For You,0
2201,Pokemon Movie 09: Pokemon Ranger to Umi no Ouji Manaphy,0
2418,Stranger: Mukou Hadan,0
2471,Doraemon (1979),0
2472,Naruto: Shippuuden Movie 1,0
2593,Kara no Kyoukai Movie 1: Fukan Fuukei,0
2847,Pokemon Movie 10: Dialga vs. Palkia vs. Darkrai,0
2890,Gake no Ue no Ponyo,0
2952,Final Fantasy VII: Advent Children Complete,0
2961,Digimon Adventure Movie,0
3230,Druaga no Tou: The Aegis of Uruk,0
3588,Soul Eater,0
3594,Tears to Tiara,0
3603,JoJo no Kimyou na Bouken: Phantom Blood,0
3782,Kara no Kyoukai Movie 2: Satsujin Kousatsu (Zen),0
3848,"One Piece Movie 09: Episode of Chopper Plus - Fuyu ni Saku, Kiseki no Sakura",0
4026,Pokemon Movie 11: Giratina to Sora no Hanataba Sheimi,0
4087,Michiko to Hatchin,0
4106,Trigun: Badlands Rumble,0
4155,One Piece Film: Strong World,0
4177,Bounen no Xamdou,0
4186,Koukaku no Regios,0
4262,Koihime†Musou,0
4280,Kara no Kyoukai Movie 4: Garan no Dou,0
4415,World Destruction: Sekai Bokumetsu no Rokunin,0
4437,Naruto: Shippuuden Movie 2 - Kizuna,0
4548,Yozakura Quartet,0
4654,Toaru Majutsu no Index,0
4719,Queen's Blade: Rurou no Senshi,0
4726,Druaga no Tou: The Sword of Uruk,0
4884,Tales of the Abyss,0
4970,Afro Samurai: Resurrection,0
5114,Fullmetal Alchemist: Brotherhood,0
5152,Dragon Ball: Ossu! Kaettekita Son Gokuu to Nakama-tachi!!,0
5204,Kara no Kyoukai Movie 6: Boukyaku Rokuon,0
5205,Kara no Kyoukai Movie 7: Satsujin Kousatsu (Go),0
5252,One Piece: Romance Dawn Story,0
5337,Bakugan Battle Brawlers: New Vestroia,0
5342,Asura Cryin',0
5355,Sengoku Basara,0
5525,07-Ghost,0
5530,Pandora Hearts,0
5940,Seiken no Blacksmith,0
5962,Metal Fight Beyblade,0
6033,Dragon Ball Kai,0
6046,Tales of Vesperia: The First Strike,0
6127,Toradora!: SOS! Kuishinbou Banbanzai,0
6171,Saint Seiya: The Lost Canvas - Meiou Shinwa,0
6178,Pokemon Movie 12: Arceus Choukoku no Jikuu e,0
6213,Toaru Kagaku no Railgun,0
6325,Naruto: Shippuuden Movie 3 - Hi no Ishi wo Tsugu Mono,0
6421,Fullmetal Alchemist: Brotherhood Specials,0
6444,Tegamibachi,0
6500,Seikon no Qwaser,0
6594,Katanagatari,0
6624,Kara no Kyoukai Remix: Gate of Seventh Heaven,0
6633,Queen's Blade: Gyokuza wo Tsugu Mono,0
6634,Sengoku Basara Ni,0
6676,Asura Cryin' 2,0
6702,Fairy Tail,0
6758,Tatakau Shisho: The Book of Bantorra,0
6811,InuYasha: Kanketsu-hen,0
6922,Fate/stay night Movie: Unlimited Blade Works,0
7059,Black★Rock Shooter (OVA),0
7334,Bakugan Battle Brawlers: Gundalian Invaders,0
7367,Naruto: The Cross Roads,0
7695,Pokemon Movie 13: Genei no Hasha Zoroark,0
7902,Fullmetal Alchemist: Brotherhood - 4-koma Gekijou,0
8086,Densetsu no Yuusha no Densetsu,0
8246,Naruto: Shippuuden Movie 4 - The Lost Tower,0
8311,Tegamibachi Reverse,0
8410,Metal Fight Beyblade: Baku,0
8624,Digimon Xros Wars,0
8740,One Piece Film: Strong World Episode 0,0
8795,Panty & Stocking with Garterbelt,0
8937,Toaru Majutsu no Index II,0
9047,Toaru Kagaku no Railgun: Misaka-san wa Ima Chuumoku no Mato desu kara,0
9062,Angel Beats! Specials,0
9107,Pokemon Best Wishes!,0
9130,Saint Seiya: The Lost Canvas - Meiou Shinwa 2,0
9135,Fullmetal Alchemist: The Sacred Star of Milos,0
9314,Fractale,0
9330,Dragon Crisis!,0
9760,Hoshi wo Ou Kodomo,0
9917,Pokemon Movie 14 White: Victini to Kuroki Eiyuu Zekrom,0
9999,One Piece 3D: Mugiwara Chase,0
10015,Yu☆Gi☆Oh! Zexal,0
10033,Toriko,0
10073,Seikon no Qwaser II,0
10075,Naruto x UT,0
10087,Fate/Zero,0
10155,Dog Days,0
10218,Berserk: Ougon Jidai-hen I - Haou no Tamago,0
10357,Jinrui wa Suitai Shimashita,0
10370,Metal Fight Beyblade 4D,0
10456,Kyoukaisenjou no Horizon,0
10589,Naruto: Shippuuden Movie 5 - Blood Prison,0
10659,Naruto Soyokazeden Movie: Naruto to Mashin to Mitsu no Onegai Dattebayo!!,0
10686,Naruto: Honoo no Chuunin Shiken! Naruto vs. Konohamaru!!,0
10740,Pokemon Movie 14 Black: Victini to Shiroki Eiyuu Reshiram,0
10790,Kore wa Zombie desu ka? of the Dead,0
11061,Hunter x Hunter (2011),0
11241,Brave 10,0
11285,Black★Rock Shooter (TV),0
11359,Dragon Ball Kai: Mirai ni Heiwa wo! Goku no Tamashii yo Eien ni,0
11553,Toradora!: Bentou no Gokui,0
11633,Blood Lad,0
11741,Fate/Zero 2nd Season,0
11743,Toaru Majutsu no Index Movie: Endymion no Kiseki,0
11757,Sword Art Online,0
11783,Dog Days',0
12049,Fairy Tail Movie 1: Houou no Miko,0
12079,Black★Rock Shooter,0
12113,Berserk: Ougon Jidai-hen II - Doldrey Kouryaku,0
12115,Berserk: Ougon Jidai-hen III - Kourin,0
12231,Dragon Ball: Episode of Bardock,0
12413,Jormungand,0
12487,Kyoukaisenjou no Horizon II,0
12565,Fate/Prototype,0
12671,Pokemon Movie 15: Kyurem vs. Seikenshi,0
12685,Code Geass: Hangyaku no Lelouch - Nunnally in Wonderland,0
12859,One Piece Film: Z,0
12929,Saint Seiya Omega,0
12967,Arcana Famiglia,0
13161,Hagure Yuusha no Aesthetica,0
13203,Lupin the Third: Mine Fujiko to Iu Onna,0
13271,Hunter x Hunter Movie 1: Phantom Rouge,0
13331,Jormungand: Perfect Order,0
13667,Naruto: Shippuuden Movie 6 - Road to Ninja,0
13709,Afro Samurai Movie,0
14075,Zetsuen no Tempest,0
14093,Pokemon Best Wishes! Season 2,0
14349,Little Witch Academia,0
14513,Magi: The Labyrinth of Magic,0
14765,Ixion Saga DT,0
14833,Maoyuu Maou Yuusha,0
14837,Dragon Ball Z Movie 14: Kami to Kami,0
15109,Cuticle Tantei Inaba,0
15133,Aoi Sekai no Chuushin de,0
15315,Mondaiji-tachi ga Isekai kara Kuru Sou desu yo?,0
15323,One Piece: Episode of Nami - Koukaishi no Namida to Nakama no Kizuna,0
15437,"Kore wa Zombie desu ka? of the Dead: Hai, Minotake ni Attemasu",0
15583,Date A Live,0
15751,Senyuu.,0
16009,Kamisama no Inai Nichiyoubi,0
16011,Tokyo Ravens,0
16035,Karneval (TV),0
16049,Toaru Kagaku no Railgun S,0
16157,Choujigen Game Neptune The Animation,0
16239,One Piece: Episode of Luffy - Hand Island no Bouken,0
16355,Dansai Bunri no Crime Edge,0
16385,Dog Days'',0
16518,Arata Kangatari,0
16664,Kaguya-hime no Monogatari,0
16680,Pokemon Movie 16: Shinsoku no Genosect - Mewtwo Kakusei,0
16870,The Last: Naruto the Movie,0
16890,Makai Ouji: Devils and Realist,0
17115,Pokemon Best Wishes! Season 2: Episode N,0
17247,Machine-Doll wa Kizutsukanai,0
17265,Log Horizon,0
17505,Mushibugyou,0
17873,Pokemon Best Wishes! Season 2: Decolora Adventure,0
18115,Magi: The Kingdom of Magic,0
18277,Strike the Blood,0
18393,Fairy Tail x Rave,0
18441,Blood Lad: Wagahai wa Neko de wa Nai,0
18497,Yozakura Quartet: Hana no Uta,0
18523,Senyuu. 2,0
18679,Kill la Kill,0
18767,BlazBlue: Alter Memory,0
18851,Fate/kaleid liner Prisma☆Illya: Undoukai de Dance!,0
19123,One Piece: Episode of Merry - Mou Hitori no Nakama no Monogatari,0
19163,Date A Live II,0
19291,Pokemon XY,0
19367,Galilei Donna,0
19369,Outbreak Company,0
19489,Little Witch Academia: Mahoujikake no Parade,0
19511,Naruto: Shippuuden - Sunny Side Battle,0
19653,Neppuu Kairiku Bushi Road,0
19703,Kyousou Giga (TV),0
19769,Mahou Sensou,0
19951,Hunter x Hunter Movie 2: The Last Mission,0
20021,Sword Art Online: Extra Edition,0
20159,Pokemon: The Origin,0
20431,Hoozuki no Reitetsu,0
20543,Bayonetta: Bloody Fate,0
20785,Mahouka Koukou no Rettousei,0
20853,Hitsugi no Chaika,0
20899,JoJo no Kimyou na Bouken Part 3: Stardust Crusaders,0
21507,Soul Eater NOT!,0
21569,Pokemon Movie 17: Hakai no Mayu to Diancie,0
21639,Yu☆Gi☆Oh! Arc-V,0
21659,Kill la Kill Specials,0
21843,Shingeki no Bahamut: Genesis,0
21881,Sword Art Online II,0
22043,Fairy Tail (2014),0
22097,Magi: Sinbad no Bouken,0
22101,Soredemo Sekai wa Utsukushii,0
22199,Akame ga Kill!,0
22297,Fate/stay night: Unlimited Blade Works,0
22319,Tokyo Ghoul,0
22547,Blade & Soul,0
22663,Seiken Tsukai no World Break,0
22777,Dragon Ball Kai (2014),0
23311,Garo: Honoo no Kokuin,0
23321,Log Horizon 2nd Season,0
23755,Nanatsu no Taizai,0
24133,Taimadou Gakuen 35 Shiken Shoutai,0
24211,Orenchi no Furo Jijou,0
24231,Hitsugi no Chaika: Avenging Battle,0
24439,Kekkai Sensen,0
24455,Madan no Ou to Vanadis,0
24655,Date A Live Movie: Mayuri Judgment,0
24873,Juuou Mujin no Fafnir,0
25013,Akatsuki no Yona,0
25161,One Piece 3D2Y: Ace no Shi wo Koete! Luffy Nakama to no Chikai,0
25283,Kuusen Madoushi Kouhosei no Kyoukan,0
25389,"Dragon Ball Z Movie 15: Fukkatsu no ""F""",0
25397,Absolute Duo,0
25537,Fate/stay night Movie: Heaven's Feel - I. Presage Flower,0
25731,Cross Ange: Tenshi to Ryuu no Rondo,0
25805,Pokemon Movie 18: Ring no Choumajin Hoopa,0
25867,Rolling☆Girls,0
26055,JoJo no Kimyou na Bouken Part 3: Stardust Crusaders - Egypt-hen,0
26243,Owari no Seraph,0
26443,Triage X,0
27441,Show By Rock!!,0
27631,God Eater,0
27727,Binan Koukou Chikyuu Bouei-bu Love!,0
27821,Fate/stay night: Unlimited Blade Works Prologue,0
27891,Sword Art Online II: Debriefing,0
27899,Tokyo Ghoul √A,0
28121,Dungeon ni Deai wo Motomeru no wa Machigatteiru Darou ka,0
28221,Etotama,0
28249,Arslan Senki (TV),0
28497,Rokka no Yuusha,0
28623,Koutetsujou no Kabaneri,0
28701,Fate/stay night: Unlimited Blade Works 2nd Season,0
28755,Boruto: Naruto the Movie,0
28833,Chain Chronicle: Haecceitas no Hikari,0
28907,"Gate: Jieitai Kanochi nite, Kaku Tatakaeri",0
28927,Owari no Seraph: Nagoya Kessen-hen,0
29758,Taboo Tattoo,0
29803,Overlord,0
30091,Chaos Dragon: Sekiryuu Seneki,0
30296,Rakudai Kishi no Cavalry,0
30321,Strike the Blood: Valkyria no Oukoku-hen,0
30347,Nanatsu no Taizai OVA,0
30370,Akatsuki no Yona OVA,0
30385,Valkyrie Drive: Mermaid,0
30458,"Tokyo Ghoul: ""Jack""",0
30694,Dragon Ball Super,0
30736,Shingeki no Bahamut: Virgin Soul,0
30749,Saijaku Muhai no Bahamut,0
30778,Fairy Tail Movie 2: Dragon Cry,0
30831,Kono Subarashii Sekai ni Shukufuku wo!,0
30901,Utawarerumono: Itsuwari no Kamen,0
30911,Tales of Zestiria the Cross,0
31121,Monster Musume no Iru Nichijou: Hobo Mainichi ◯◯! Namappoi Douga,0
31138,Overlord: Ple Ple Pleiades,0
31147,Concrete Revolutio: Choujin Gensou,0
31297,"Tokyo Ghoul: ""Pinto""",0
31318,Comet Lucifer,0
31339,Drifters,0
31378,Owari no Seraph: Kyuuketsuki Shahar,0
31389,Fate/stay night: Unlimited Blade Works 2nd Season - Sunny Day,0
31442,Musaigen no Phantom World,0
31452,Norn9: Norn+Nonet,0
31490,One Piece Film: Gold,0
31592,Pokemon XY&Z,0
31629,Granblue Fantasy The Animation,0
31636,Dagashi Kashi,0
31637,"Gate: Jieitai Kanochi nite, Kaku Tatakaeri Part 2",0
31710,Divine Gate,0
31722,Nanatsu no Taizai: Seisen no Shirushi,0
31741,Magi: Sinbad no Bouken (TV),0
31756,Owari no Seraph: The Beginning of the End,0
31764,Nejimaki Seirei Senki: Tenkyou no Alderamin,0
31765,Sword Art Online Movie: Ordinal Scale,0
31821,Arslan Senki (TV): Fuujin Ranbu,0
31859,Hai to Gensou no Grimgar,0
31918,Owaranai Seraph: Nagoya-hen,0
31933,JoJo no Kimyou na Bouken Part 4: Diamond wa Kudakenai,0
32051,One Piece: Adventure of Nebulandia,0
32083,Luck & Logic,0
32094,Reikenzan: Hoshikuzu-tachi no Utage,0
32105,Sousei no Onmyouji,0
32171,Ange Vierge,0
32360,Qualidea Code,0
32365,Boruto: Naruto the Movie - Naruto ga Hokage ni Natta Hi,0
32370,D.Gray-man Hallow,0
32379,Berserk,0
32380,Kono Subarashii Sekai ni Shukufuku wo!: Kono Subarashii Choker ni Shukufuku wo!,0
32407,Clockwork Planet,0
32595,Seisen Cerberus: Ryuukoku no Fatalités,0
32608,Endride,0
32615,Youjo Senki,0
32801,Dungeon ni Deai wo Motomeru no wa Machigatteiru Darou ka OVA,0
32887,Dungeon ni Deai wo Motomeru no wa Machigatteiru Darou ka Gaiden: Sword Oratoria,0
32900,Mahouka Koukou no Rettousei Movie: Hoshi wo Yobu Shoujo,0
32924,Urara Meirochou,0
32936,Gin no Guardian,0
32937,Kono Subarashii Sekai ni Shukufuku wo! 2,0
32951,Rokudenashi Majutsu Koushi to Akashic Records,0
33018,Katsugeki/Touken Ranbu,0
33023,Touken Ranbu: Hanamaru,0
33047,Fate/Extra: Last Encore,0
33049,Fate/stay night Movie: Heaven's Feel - II. Lost Butterfly,0
33050,Fate/stay night Movie: Heaven's Feel - III. Spring Song,0
33075,Musaigen no Phantom World: Mizutama no Kiseki,0
33089,Kemono Friends,0
33286,Strike the Blood II,0
33338,One Piece: Heart of Gold,0
33372,Overlord: Ple Ple Pleiades - Nazarick Saidai no Kiki,0
33433,Shuumatsu no Izetta,0
33478,UQ Holder! Mahou Sensei Negima! 2,0
33489,Little Witch Academia (TV),0
33519,Koutetsujou no Kabaneri Movie 1: Tsudou Hikari,0
33520,Koutetsujou no Kabaneri Movie 2: Moeru Inochi,0
33558,Tales of Zestiria the Cross: Saiyaku no Jidai,0
33783,Godzilla 1: Kaijuu Wakusei,0
33834,Sin: Nanatsu no Taizai,0
33889,Saredo Tsumibito wa Ryuu to Odoru,0
33988,Demi-chan wa Kataritai,0
34034,Pokemon Sun & Moon,0
34051,Akiba's Trip The Animation,0
34055,Berserk 2nd Season,0
34086,Tales of Zestiria the Cross 2nd Season,0
34100,Fate/kaleid liner Prisma☆Illya Movie: Sekka no Chikai,0
34161,Overlord Movie 1: Fushisha no Ou,0
34176,Zero kara Hajimeru Mahou no Sho,0
34300,Quanzhi Fashi,0
34321,Fate/Grand Order: First Order,0
34428,Overlord Movie 2: Shikkoku no Eiyuu,0
34451,Kekkai Sensen & Beyond,0
34497,Death March kara Hajimaru Isekai Kyousoukyoku,0
34514,Pokemon Generations,0
34540,Pokemon Movie 20: Kimi ni Kimeta!,0
34541,Mary to Majo no Hana,0
34544,Koutetsujou no Kabaneri Movie 3: Unato Kessen,0
34561,Re:Creators,0
34566,Boruto: Naruto Next Generations,0
34572,Black Clover,0
34577,Nanatsu no Taizai: Imashime no Fukkatsu,0
34626,Kono Subarashii Sekai ni Shukufuku wo! 2: Kono Subarashii Geijutsu ni Shukufuku wo!,0
34662,Fate/Apocrypha,0
34866,Yu☆Gi☆Oh! VRAINS,0
35073,Overlord II,0
35075,Hoozuki no Reitetsu 2nd Season,0
35079,Kino no Tabi: The Beautiful World - The Animated Series,0
35298,Ramen Daisuki Koizumi-san,0
35557,Houseki no Kuni,0
35589,Toji no Miko,0
35757,Gin no Guardian II,0
35790,Tate no Yuusha no Nariagari,0
35823,Demi-chan wa Kataritai: Demi-chan no Natsuyasumi,0
35946,Nanatsu no Taizai Movie 1: Tenkuu no Torawarebito,0
35972,Fairy Tail: Final Series,0
36028,Golden Kamuy,0
36049,Dagashi Kashi 2,0
36108,Takunomi.,0
36144,Garo: Vanishing Line,0
36316,Shichisei no Subaru,0
36318,Quanzhi Fashi II,0
36432,Toaru Majutsu no Index III,0
36474,Sword Art Online: Alicization,0
36480,Drifters (OVA),0
36510,Ulysses: Jehanne Darc to Renkin no Kishi,0
36511,Tokyo Ghoul:re,0
36587,Granblue Fantasy The Animation Season 2,0
36633,Date A Live III,0
36699,Kimitachi wa Dou Ikiru ka,0
36882,Arifureta Shokugyou de Sekai Saikyou,0
36915,Fate/Grand Order: Moonlight/Lostroom,0
36923,Nanatsu no Taizai: Imashime no Fukkatsu Joshou,0
36936,Mirai no Mirai,0
36946,Dragon Ball Super: Broly,0
37055,Youjo Senki Movie,0
37202,Radiant,0
37208,Mo Dao Zu Shi,0
37345,Plunderer,0
37347,Dungeon ni Deai wo Motomeru no wa Machigatteiru Darou ka II,0
37348,Dungeon ni Deai wo Motomeru no wa Machigatteiru Darou ka Movie: Orion no Ya,0
37349,Goblin Slayer,0
37393,"Watashi, Nouryoku wa Heikinchi de tte Itta yo ne!",0
37430,Tensei shitara Slime Datta Ken,0
37446,Hyakuren no Haou to Seiyaku no Valkyria,0
37449,Strike the Blood III,0
37520,Dororo,0
37521,Vinland Saga,0
37576,Majutsushi Orphen Hagure Tabi,0
37651,Fate/Extra: Last Encore - Illustrias Tendousetsu,0
37675,Overlord III,0
37744,Isekai Cheat Magician,0
37799,Tokyo Ghoul:re 2nd Season,0
37806,Gunjou no Magmell,0
37885,Super Dragon Ball Heroes,0
37936,Wu Shan Wu Xing (2020),0
37984,"Kumo desu ga, Nani ka?",0
37989,Golden Kamuy 2nd Season,0
37991,JoJo no Kimyou na Bouken Part 5: Ougon no Kaze,0
38040,Kono Subarashii Sekai ni Shukufuku wo! Movie: Kurenai Densetsu,0
38084,Fate/Grand Order: Zettai Majuu Sensen Babylonia,0
38085,Fate/Grand Order: Shinsei Entaku Ryouiki Camelot 1 - Wandering; Agateram,0
38086,Fate/Grand Order: Shinsei Entaku Ryouiki Camelot 2 - Paladin; Agateram,0
38198,Nanatsu no Taizai: Eiyuu-tachi wa Hashagu,0
38234,One Piece Movie 14: Stampede,0
38297,"Maou-sama, Retry!",0
38450,Mo Dao Zu Shi: Xian Yun Pian,0
38472,Isekai Quartet,0
38480,Toaru Kagaku no Accelerator,0
38481,Toaru Kagaku no Railgun T,0
38528,Quanzhi Fashi III,0
38573,Tsuujou Kougeki ga Zentai Kougeki de Ni-kai Kougeki no Okaasan wa Suki desu ka?,0
38659,Shinchou Yuusha: Kono Yuusha ga Ore Tueee Kuse ni Shinchou Sugiru,0
38668,Dorohedoro,0
38671,Enen no Shouboutai,0
38691,Dr. Stone,0
38790,Itai no wa Iya nanode Bougyoryoku ni Kyokufuri Shitai to Omoimasu.,0
38793,Tensei shitara Slime Datta Ken OVA,0
38807,Goblin Slayer: Bouken Kiroku Youshi - Adventure Sheet,0
38830,"Hachi-nan tte, Sore wa Nai deshou!",0
38843,Shironeko Project: Zero Chronicle,0
38909,Infinite Dendrogram,0
38940,Cop Craft,0
38972,JoJo no Kimyou na Bouken Part 5: Ougon no Kaze Recaps,0
39030,Hataage! Kemono Michi,0
39063,Fairy Gone,0
39196,Mairimashita! Iruma-kun,0
39199,Katsute Kami Datta Kemono-tachi e,0
39235,Ni no Kuni,0
39292,Princess Connect! Re:Dive,0
39355,Radiant 2nd Season,0
39456,Sounan desu ka?,0
39489,Spriggan (ONA),0
39518,Vampire in the Garden,0
39523,Choujin Koukousei-tachi wa Isekai demo Yoyuu de Ikinuku you desu!,0
39531,Kuutei Dragons,0
39535,Mushoku Tensei: Isekai Ittara Honki Dasu,0
39551,Tensei shitara Slime Datta Ken 2nd Season,0
39567,Keishichou Tokumubu Tokushu Kyouakuhan Taisakushitsu Dainanaka: Tokunana,0
39575,Somali to Mori no Kamisama,0
39576,Goblin Slayer: Goblin's Crown,0
39597,Sword Art Online: Alicization - War of Underworld,0
39607,Tensei shitara Slime Datta Ken: Kanwa - Veldora Nikki,0
39701,Nanatsu no Taizai: Kamigami no Gekirin,0
39792,Eizouken ni wa Te wo Dasu na!,0
39811,Fairy Gone Part 2,0
39988,Isekai Quartet 2,0
40010,Ishuzoku Reviewers,0
40052,Great Pretender,0
40056,Deca-Dence,0
40059,Golden Kamuy 3rd Season,0
40060,BNA,0
40064,Dungeon ni Deai wo Motomeru no wa Machigatteiru Darou ka II: Past & Future,0
40074,Gibiate,0
40083,Arifureta Shokugyou de Sekai Saikyou Specials,0
40206,Fate/Grand Order: Zettai Majuu Sensen Babylonia - Initium Iter,0
40221,Kami no Tou,0
40351,Pokemon (2019),0
40356,Tate no Yuusha no Nariagari Season 2,0
40357,Tate no Yuusha no Nariagari Season 3,0
40397,Maoujou de Oyasumi,0
40416,Date A Bullet: Dead or Bullet,0
40434,Mo Dao Zu Shi: Wanjie Pian,0
40436,Peter Grill to Kenja no Jikan,0
40453,Dungeon ni Deai wo Motomeru no wa Machigatteiru Darou ka II OVA,0
40454,Dungeon ni Deai wo Motomeru no wa Machigatteiru Darou ka III,0
40485,Strike the Blood IV,0
40489,Sword Art Online: Alicization - War of Underworld Reflection,0
40496,"Maou Gakuin no Futekigousha: Shijou Saikyou no Maou no Shiso, Tensei shite Shison-tachi no Gakkou e Kayou",0
40497,Mahouka Koukou no Rettousei: Raihousha-hen,0
40507,Arifureta Shokugyou de Sekai Saikyou 2nd Season,0
40526,"Dragon, Ie wo Kau.",0
40540,Sword Art Online: Alicization - War of Underworld 2nd Season,0
40550,Assault Lily: Bouquet,0
40571,Majo no Tabitabi,0
40586,"Slime Taoshite 300-nen, Shiranai Uchi ni Level Max ni Nattemashita",0
40594,Tatoeba Last Dungeon Mae no Mura no Shounen ga Joban no Machi de Kurasu Youna Monogatari,0
40595,"Kimi to Boku no Saigo no Senjou, Aruiwa Sekai ga Hajimaru Seisen",0
40730,Tian Guan Cifu,0
40750,Kaifuku Jutsushi no Yarinaoshi,0
40834,Ousama Ranking,0
40852,Dr. Stone: Stone Wars,0
40906,Dragon Quest: Dai no Daibouken (2020),0
40934,Bungou to Alchemist: Shinpan no Haguruma,0
40956,Enen no Shouboutai: Ni no Shou,0
40960,Cheat Kusushi no Slow Life: Isekai ni Tsukurou Drugstore,0
40961,Hortensia Saga,0
40974,Kuma Kuma Kuma Bear,0
41053,Dorohedoro: Ma no Omake,0
41074,Digimon Adventure:,0
41094,Xian Wang de Richang Shenghuo,0
41109,Log Horizon: Entaku Houkai,0
41353,The God of High School,0
41380,100-man no Inochi no Ue ni Ore wa Tatteiru,0
41392,Urasekai Picnic,0
41402,Mairimashita! Iruma-kun 2nd Season,0
41456,"Sentouin, Haken shimasu!",0
41461,Date A Live IV,0
41468,Burn the Witch,0
41487,Tensei shitara Slime Datta Ken 2nd Season Part 2,0
41488,Tensura Nikki: Tensei shitara Slime Datta Ken,0
41491,Nanatsu no Taizai: Funnu no Shinpan,0
41497,Fate/Grand Order: Shuukyoku Tokuiten - Kani Jikan Shinden Solomon,0
41514,Itai no wa Iya nanode Bougyoryoku ni Kyokufuri Shitai to Omoimasu. 2,0
41567,Isekai Quartet Movie: Another World,0
41710,Genjitsu Shugi Yuusha no Oukoku Saikenki,0
41762,Tenchi Souzou Design-bu,0
41833,Kyuuketsuki Sugu Shinu,0
41834,King's Raid: Ishi wo Tsugumono-tachi,0
41899,Ore dake Haireru Kakushi Dungeon,0
41911,Hanyou no Yashahime: Sengoku Otogizoushi,0
41915,Zuihou de Zhaohuan Shi,0
42072,Kenja no Deshi wo Nanoru Kenja,0
42192,Edens Zero,0
42340,Meikyuu Black Company,0
42423,Date A Bullet: Nightmare or Queen,0
42544,Kaizoku Oujo,0
42625,Heion Sedai no Idaten-tachi,0
42627,Peach Boy Riverside,0
42670,Princess Connect! Re:Dive Season 2,0
42916,Sword Art Online: Progressive Movie - Hoshi Naki Yoru no Aria,0
43523,Tsuki ga Michibiku Isekai Douchuu,0
43555,Dr. Stone: Stone Wars - Kaisen Zenya Special Eizou,0
43697,Yasuke,0
44069,Xian Wang de Richang Shenghuo 2,0
44070,Tian Guan Cifu Special,0
44203,Seirei Gensouki,0
44248,Fate/Grand Carnival,0
44276,Kyuukyoku Shinka shita Full Dive RPG ga Genjitsu yori mo Kusoge Dattara,0
44406,Da Wang Rao Ming,0
44408,Long Zu,0
44511,Chainsaw Man,0
44524,Isekai Meikyuu de Harem wo,0
44881,100-man no Inochi no Ue ni Ore wa Tatteiru 2nd Season,0
44942,Shuumatsu no Walküre,0
44983,Dungeon ni Deai wo Motomeru no wa Machigatteiru Darou ka III OVA,0
45486,Kuma Kuma Kuma Bear Punch!,0
45560,Orient,0
45572,Mahouka Koukou no Yuutousei,0
45576,Mushoku Tensei: Isekai Ittara Honki Dasu Part 2,0
45753,Tensei shitara Slime Datta Ken: Kanwa - Hinata Sakaguchi,0
46420,Nanatsu no Taizai Movie 2: Hikari ni Norowareshi Mono-tachi,0
46985,Shinka no Mi: Shiranai Uchi ni Kachigumi Jinsei,0
47159,Tensai Ouji no Akaji Kokka Saisei Jutsu,0
47160,Goblin Slayer II,0
47161,Shikkakumon no Saikyou Kenja,0
47162,Shokei Shoujo no Virgin Road,0
47163,"Tensei Kenja no Isekai Life: Dai-2 no Shokugyou wo Ete, Sekai Saikyou ni Narimashita",0
47164,Dungeon ni Deai wo Motomeru no wa Machigatteiru Darou ka IV: Shin Shou - Meikyuu-hen,0
47391,Seven Knights Revolution: Eiyuu no Keishousha,0
48239,Leadale no Daichi nite,0
48316,Kage no Jitsuryokusha ni Naritakute!,0
48363,RPG Fudousan,0
48375,Mahouka Koukou no Rettousei: Tsuioku-hen,0
48414,Sabikui Bisco,0
48415,"Shijou Saikyou no Daimaou, Murabito A ni Tensei suru",0
48417,"Maou Gakuin no Futekigousha II: Shijou Saikyou no Maou no Shiso, Tensei shite Shison-tachi no Gakkou e Kayou",0
48418,"Maou Gakuin no Futekigousha II: Shijou Saikyou no Maou no Shiso, Tensei shite Shison-tachi no Gakkou e Kayou Part 2",0
48549,Dr. Stone: New World,0
48556,Takt Op. Destiny,0
48580,Vanitas no Karte,0
48585,Black Clover: Mahou Tei no Ken,0
48661,JoJo no Kimyou na Bouken Part 6: Stone Ocean,0
48742,"Kono Healer, Mendokusai",0
48760,"Gaikotsu Kishi-sama, Tadaima Isekai e Odekakechuu",0
48761,Saihate no Paladin,0
48842,Mahoutsukai Reimeiki,0
48895,Overlord IV,0
48896,Overlord Movie 3: Sei Oukoku-hen,0
48903,Dragon Ball Super: Super Hero,0
48997,Fantasy Bishoujo Juniku Ojisan to,0
49114,Vanitas no Karte Part 2,0
49154,High Card,0
49220,Isekai Ojisan,0
49233,Youjo Senki II,0
49236,Youjo Senki: Sabaku no Pasta Daisakusen,0
49318,Tensei shitara Slime Datta Ken 2nd Season: Kanwa - Veldora Nikki 2,0
49357,Star Wars: Visions,0
49385,Kaijin Kaihatsu-bu no Kuroitsu-san,0
49387,Vinland Saga Season 2,0
49458,Kono Subarashii Sekai ni Shukufuku wo! 3,0
49612,Ningen Fushin no Boukensha-tachi ga Sekai wo Sukuu you desu,0
49613,Chiyu Mahou no Machigatta Tsukaikata,0
49618,Shuumatsu no Walküre II,0
49778,Kijin Gentoushou,0
49784,Mairimashita! Iruma-kun 3rd Season,0
49785,Fairy Tail: 100-nen Quest,0
49818,Guimi Zhi Zhu: Xiaochou Pian,0
49849,Shinmai Renkinjutsushi no Tenpo Keiei,0
49877,Tensei shitara Slime Datta Ken Movie: Guren no Kizuna-hen,0
49889,Tsuki ga Michibiku Isekai Douchuu 2nd Season,0
49891,Tensei shitara Ken deshita,0
49894,Eiyuu Kyoushitsu,0
49930,Genjitsu Shugi Yuusha no Oukoku Saikenki Part 2,0
49981,"Kimi to Boku no Saigo no Senjou, Aruiwa Sekai ga Hajimaru Seisen Season II",0
50002,Edens Zero 2nd Season,0
50175,"Yuusha, Yamemasu",0
50184,Seiken Gakuin no Makentsukai,0
50205,Arknights: Prelude to Dawn,0
50275,Sword Art Online: Progressive Movie - Kuraki Yuuyami no Scherzo,0
50306,Seirei Gensouki 2,0
50348,Peter Grill to Kenja no Jikan: Super Extra,0
50360,Mushoku Tensei: Isekai Ittara Honki Dasu - Eris no Goblin Toubatsu,0
50392,Mato Seihei no Slave,0
50399,Tian Guan Cifu Er,0
50404,Xian Wang de Richang Shenghuo 3,0
50410,One Piece Film: Red,0
50481,"Eiyuuou, Bu wo Kiwameru Tame Tenseisu: Soshite, Sekai Saikyou no Minarai Kishi♀",0
50528,Golden Kamuy 4th Season,0
50582,Nanatsu no Maken ga Shihai suru,0
50583,Buta no Liver wa Kanetsu Shiro,0
50612,Dr. Stone: Ryuusui,0
50664,Saihate no Paladin: Tetsusabi no Yama no Ou,0
50713,Mahouka Koukou no Rettousei 3rd Season,0
50738,"Slime Taoshite 300-nen, Shiranai Uchi ni Level Max ni Nattemashita: Sono Ni",0
50854,"Benriya Saitou-san, Isekai ni Iku",0
50864,Ooyukiumi no Kaina,0
50916,Arifureta Shokugyou de Sekai Saikyou: Arifureta Yorimichi de Sekai Saikyou,0
50932,Saikyou Onmyouji no Isekai Tenseiki,0
50953,Bastard!! Ankoku no Hakaishin (ONA),0
51020,Helck,0
51064,Kuro no Shoukanshi,0
51105,NieR:Automata Ver1.1a,0
51128,Noumin Kanren no Skill bakka Agetetara Nazeka Tsuyoku Natta.,0
51179,Mushoku Tensei II: Isekai Ittara Honki Dasu,0
51219,Isekai One Turn Kill Neesan: Ane Douhan no Isekai Seikatsu Hajimemashita,0
51297,Ragna Crimson,0
51367,JoJo no Kimyou na Bouken Part 6: Stone Ocean Part 2,0
51368,Orient: Awajishima Gekitou-hen,0
51458,Lv1 Maou to One Room Yuusha,0
51495,Shin Shinka no Mi: Shiranai Uchi ni Kachigumi Jinsei,0
51648,Nozomanu Fushi no Boukensha,0
51693,Kaminaki Sekai no Kamisama Katsudou,0
51706,Yuusha ga Shinda!,0
51711,Hyouken no Majutsushi ga Sekai wo Suberu,0
51764,Level 1 dakedo Unique Skill de Saikyou desu,0
51794,Nanatsu no Taizai: Mokushiroku no Yonkishi,0
51818,Enen no Shouboutai: San no Shou,0
51958,Kono Subarashii Sekai ni Bakuen wo!,0
52046,"Yuusha Party wo Tsuihou sareta Beast Tamer, Saikyoushu no Nekomimi Shoujo to Deau",0
52093,Trigun Stampede,0
52196,Date A Live V,0
52211,Mashle,0
52274,Nokemono-tachi no Yoru,0
52293,New Panty & Stocking with Garterbelt,0
52299,Ore dake Level Up na Ken,0
52347,"Shangri-La Frontier: Kusoge Hunter, Kamige ni Idoman to su",0
52359,Isekai de Mofumofu Nadenade suru Tame ni Ganbattemasu.,0
52367,Isekai Shikkaku,0
52482,Sasaki to Pii-chan,0
52588,Kaijuu 8-gou,0
52608,Tensei Kizoku no Isekai Boukenroku: Jichou wo Shiranai Kamigami no Shito,0
52619,Jidou Hanbaiki ni Umarekawatta Ore wa Meikyuu wo Samayou,0
52635,Kami no Tou: Ouji no Kikan,0
52657,Ousama Ranking: Yuuki no Takarabako,0
52701,Dungeon Meshi,0
52816,Majo to Yajuu,0
52830,"Isekai de Cheat Skill wo Te ni Shita Ore wa, Genjitsu Sekai wo mo Musou Suru: Level Up wa Jinsei wo Kaeta",0
52969,"Jitsu wa Ore, Saikyou deshita?",0
52976,Berserk: Ougon Jidai-hen - Memorial Edition,0
52985,Dekoboko Majo no Oyako Jijou,0
52991,Sousou no Frieren,0
52995,Arifureta Shokugyou de Sekai Saikyou Season 3,0
53111,Dungeon ni Deai wo Motomeru no wa Machigatteiru Darou ka IV: Shin Shou - Yakusai-hen,0
53127,Fate/strange Fake: Whispers of Dawn,0
53263,"Seija Musou: Salaryman, Isekai de Ikinokoru Tame ni Ayumu Michi",0
53273,JoJo no Kimyou na Bouken Part 6: Stone Ocean Part 3,0
53397,Tsuyokute New Saga,0
53434,"Maou no Ore ga Dorei Elf wo Yome ni Shitanda ga, Dou Medereba Ii?",0
53439,Boushoku no Berserk,0
53446,Tondemo Skill de Isekai Hourou Meshi,0
53450,Xian Wang de Richang Shenghuo 4,0
53494,Boukensha ni Naritai to Miyako ni Deteitta Musume ga S-Rank ni Natteta,0
53516,"Tensei shitara Dainana Ouji Datta node, Kimama ni Majutsu wo Kiwamemasu",0
53580,Tensei shitara Slime Datta Ken 3rd Season,0
53590,Saijaku Tamer wa Gomi Hiroi no Tabi wo Hajimemashita.,0
53613,Dead Mount Death Play,0
53626,"Bye Bye, Earth",0
53730,"Sokushi Cheat ga Saikyou sugite, Isekai no Yatsura ga Marude Aite ni Naranai n desu ga.",0
53770,Sentai Daishikkaku,0
53833,Watashi no Oshi wa Akuyaku Reijou.,0
53835,Unnamed Memory,0
53881,Arknights: Perish in Frost,0
53913,Tensei shitara Ken deshita 2,0
54103,Hikikomari Kyuuketsuki no Monmon,0
54265,Kekkon Yubiwa Monogatari,0
54309,Blue Archive the Animation,0
54362,Hametsu no Oukoku,0
54431,Toaru Ossan no VRMMO Katsudouki,0
54449,Ishura,0
54565,Tensei shitara Slime Datta Ken: Coleus no Yume,0
54595,Kage no Jitsuryokusha ni Naritakute! 2nd Season,0
54616,Potion-danomi de Ikinobimasu!,0
54724,Nige Jouzu no Wakagimi,0
54743,Dead Mount Death Play Part 2,0
54760,Ryza no Atelier: Tokoyami no Joou to Himitsu no Kakurega,0
54835,Kono Sekai wa Fukanzen Sugiru,0
54852,Kikansha no Mahou wa Tokubetsu desu,0
54853,Maou 2099,0
54863,Trigun Stargaze,0
54869,High Card Season 2,0
54913,"Shinmai Ossan Boukensha, Saikyou Party ni Shinu hodo Kitaerarete Muteki ni Naru.",0
55265,"Tensei Kizoku, Kantei Skill de Nariagaru",0
55454,Shuumatsu no Walküre II Part 2,0
55644,Dr. Stone: New World Part 2,0
55717,Dekisokonai to Yobareta Motoeiyuu wa Jikka kara Tsuihou sareta node Sukikatte ni Ikiru Koto ni Shita,0
55772,Golden Kamuy: Saishuushou,0
55774,"Himesama ""Goumon"" no Jikan desu",0
55813,Mashle: Shinkakusha Kouho Senbatsu Shiken-hen,0
55818,Mushoku Tensei II: Isekai Ittara Honki Dasu - Shugo Jutsushi Fitz,0
55830,Fate/strange Fake,0
55848,Isekai Suicide Squad,0
55888,Mushoku Tensei II: Isekai Ittara Honki Dasu Part 2,0
55997,"Guild no Uketsukejou desu ga, Zangyou wa Iya nanode Boss wo Solo Toubatsu Shiyou to Omoimasu",0
56009,Yuusha-kei ni Shosu: Choubatsu Yuusha 9004-tai Keimu Kiroku,0
56062,Naze Boku no Sekai wo Daremo Oboeteinai no ka?,0
56063,NieR:Automata Ver1.1a Part 2,0
56242,Sengoku Youko: Yonaoshi Kyoudai-hen,0
56348,Dungeon no Naka no Hito,0
56400,"Maou-sama, Retry! R",0
56671,Burn the Witch #0.8,0
56690,Re:Monster,0
56700,Jidou Hanbaiki ni Umarekawatta Ore wa Meikyuu wo Samayou 2nd Season,0
56845,"Saikyou Tank no Meikyuu Kouryaku: Tairyoku 9999 no Rare Skill-mochi Tank, Yuusha Party wo Tsuihou sareru",0
56854,Mushoku no Eiyuu: Betsu ni Skill Nanka Iranakatta n da ga,0
56894,Dragon Ball Daima,0
56923,Lv2 kara Cheat datta Motoyuusha Kouho no Mattari Isekai Life,0
57025,Tondemo Skill de Isekai Hourou Meshi 2,0
57058,"Ore wa Subete wo ""Parry"" suru: Gyaku Kanchigai no Sekai Saikyou wa Boukensha ni Naritai",0
57066,Dungeon ni Deai wo Motomeru no wa Machigatteiru Darou ka V: Houjou no Megami-hen,0
57100,The New Gate,0
57380,Isekai Yururi Kikou: Kosodate shinagara Boukensha shimasu,0
57555,Chainsaw Man Movie: Reze-hen,0
57584,Kage no Jitsuryokusha ni Naritakute! Movie: Zankyou-hen,0
57592,Dr. Stone: Science Future,0
57646,Mob kara Hajimaru Tansaku Eiyuutan,0
57648,Nihon e Youkoso Elf-san.,0
57719,Akuyaku Reijou Tensei Ojisan,0
57779,Dorohedoro Season 2,0
57876,Maougun Saikyou no Majutsushi wa Ningen datta,0
57891,Hitoribocchi no Isekai Kouryaku,0
57892,"Hazurewaku no ""Joutai Ijou Skill"" de Saikyou ni Natta Ore ga Subete wo Juurin suru made",0
57907,Tate no Yuusha no Nariagari Season 4,0
57944,"Party kara Tsuihou sareta Sono Chiyushi, Jitsu wa Saikyou ni Tsuki",0
58059,Tsue to Tsurugi no Wistoria,0
58172,Nageki no Bourei wa Intai shitai,0
58216,Übel Blatt,0
58437,"Botsuraku Yotei no Kizoku dakedo, Hima Datta kara Mahou wo Kiwametemita",0
58445,"Sayounara Ryuusei, Konnichiwa Jinsei",0
58473,"S-Rank Monster no ""Behemoth"" dakedo, Neko to Machigawarete Elf Musume no Pet toshite Kurashitemasu",0
58502,Zenshuu.,0
58505,Mato Seihei no Slave 2,0
58567,Ore dake Level Up na Ken Season 2: Arise from the Shadow,0
58572,"Shangri-La Frontier: Kusoge Hunter, Kamige ni Idoman to su 2nd Season",0
58714,"Saikyou no Shienshoku ""Wajutsushi"" de Aru Ore wa Sekai Saikyou Clan wo Shitagaeru",0
58811,Tougen Anki,0
58822,Izure Saikyou no Renkinjutsushi?,0
58934,Mashle: Sanma Taisou Shinkakusha Saishuu Shiken-hen,0
59002,"Hazure Skill ""Kinomi Master"": Skill no Mi (Tabetara Shinu) wo Mugen ni Taberareru You ni Natta Ken ni Tsuite",0
59062,Gachiakuta,0
59068,Dungeon Meshi 2nd Season,0
59095,"Tensei shitara Dainana Ouji Datta node, Kimama ni Majutsu wo Kiwamemasu 2nd Season",0
59130,Isekai Mokushiroku Mynoghra: Hametsu no Bunmei de Hajimeru Sekai Seifuku,0
59131,"Tensei Kizoku, Kantei Skill de Nariagaru 2nd Season",0
59139,Tsuki ga Michibiku Isekai Douchuu 3rd Season,0
59142,Unnamed Memory Act.2,0
59144,"Fuguushoku ""Kanteishi"" ga Jitsu wa Saikyou Datta",0
59169,Aru Majo ga Shinu Made,0
59177,Kaijuu 8-gou 2nd Season,0
59189,Sentai Daishikkaku 2nd Season,0
59193,Mushoku Tensei III: Isekai Ittara Honki Dasu,0
59205,Clevatess: Majuu no Ou to Akago to Shikabane no Yuusha,0
59229,Enen no Shouboutai: San no Shou Part 2,0
59349,Salaryman ga Isekai ni Ittara Shitennou ni Natta Hanashi,0
59424,"Yuusha Party wo Tsuihou sareta Shiromadoushi, S-Rank Boukensha ni Hirowareru: Kono Shiromadoushi ga Kikakugai Sugiru",0
59452,"Katainaka no Ossan, Kensei ni Naru",0
59514,Sentai Red Isekai de Boukensha ni Naru,0
59597,Witch Watch,0
59644,Yasei no Last Boss ga Arawareta!,0
59730,"A-Rank Party wo Ridatsu shita Ore wa, Moto Oshiego-tachi to Meikyuu Shinbu wo Mezasu.",0
59833,Kono Subarashii Sekai ni Shukufuku wo! 3: Bonus Stage,0
59841,Ore dake Level Up na Ken: ReAwakening,0
59970,Tensei shitara Slime Datta Ken 4th Season,0
59971,Tensei shitara Slime Datta Ken Movie 2: Soukai no Namida-hen,0
59978,Sousou no Frieren 2nd Season,0
59983,Tsue to Tsurugi no Wistoria Season 2,0
59989,Kami no Tou: Koubou-sen,0
60022,One Piece Fan Letter,0
60057,Chao Neng Lifang: Chaofan Pian,0
60140,"Kanchigai no Atelier Meister: Eiyuu Party no Moto Zatsuyougakari ga, Jitsu wa Sentou Igai ga SSS Rank Datta to Iu Yoku Aru Hanashi",0
60154,Ore wa Seikan Kokka no Akutoku Ryoushu!,0
60303,"Shinjiteita Nakama-tachi ni Dungeon Okuchi de Korosarekaketa ga Gift ""Mugen Gacha"" de Level 9999 no Nakama-tachi wo Te ni Irete Moto Party Member to Sekai ni Fukushuu & ""Zamaa!"" Shimasu!",0
60310,Mairimashita! Iruma-kun 4th Season,0
60316,Busamen Gachi Fighter,0
60460,Hell Mode: Yarikomizuki no Gamer wa Hai Settei no Isekai de Musou suru,0
60523,Tsuihousha Shokudou e Youkoso!,0
60619,Nageki no Bourei wa Intai shitai Part 2,0
60692,Kizoku Tensei: Megumareta Umare kara Saikyou no Chikara wo Eru,0
60732,Mizu Zokusei no Mahoutsukai,0
60951,Kizetsu Yuusha to Ansatsu Hime,0
61026,Ansatsusha de Aru Ore no Status ga Yuusha yori mo Akiraka ni Tsuyoi no da ga,0
61128,Yuusha Party wo Oidasareta Kiyoubinbou,0
61174,Sozai Saishuka no Isekai Ryokouki,0
61200,Shuumatsu no Walküre III,0
61203,Kono Subarashii Sekai ni Shukufuku wo! 4,0
61276,"Mikata ga Yowasugite Hojo Mahou ni Tesshiteita Kyuutei Mahoushi, Tsuihou sarete Saikyou wo Mezasu",0
61322,Dr. Stone: Science Future Part 2,0
61338,"Shangri-La Frontier: Kusoge Hunter, Kamige ni Idoman to su 3rd Season",0
61587,"""Omae Gotoki ga Maou ni Kateru to Omouna"" to Yuusha Party wo Tsuihou sareta node, Outo de Kimama ni Kurashitai",0
61851,Isekai Quartet 3,0
61967,Black Clover 2nd Season,0
62568,Dr. Stone: Science Future Part 3,0
63143,Chainsaw Man: Shikaku-hen,0
63147,Gachiakuta 2nd Season,0
63816,Sousou no Frieren: Ougonkyou-hen,0
1,Cowboy Bebop,1
5,Cowboy Bebop: Tengoku no Tobira,1
7,Witch Hunter Robin,1
18,Initial D Fourth Stage,1
19,Monster,1
25,Sunabouzu,1
26,Texhnolyze,1
30,Shinseiki Evangelion,1
31,Shinseiki Evangelion Movie: Shi to Shinsei,1
32,"Shinseiki Evangelion Movie: Air/Magokoro wo, Kimi ni",1
43,Koukaku Kidoutai,1
47,Akira,1
51,Tenshi Kinryouku,1
52,Kidou Tenshi Angelic Layer,1
58,Blue Gender,1
60,Chrno Crusade,1
64,Rozen Maiden,1
65,Rozen Maiden: Träumend,1
72,Full Metal Panic? Fumoffu,1
75,Soukyuu no Fafner: Dead Aggressor,1
76,Mahou Shoujo Lyrical Nanoha,1
77,Mahou Shoujo Lyrical Nanoha A's,1
80,Kidou Senshi Gundam,1
82,Kidou Senshi Gundam 0080: Pocket no Naka no Sensou,1
86,Kidou Senshi Gundam ZZ,1
87,Kidou Senshi Gundam: Gyakushuu no Char,1
90,Shin Kidou Senki Gundam Wing,1
91,Shin Kidou Senki Gundam Wing: Endless Waltz,1
98,Mai-HiME,1
109,Bakuretsu Tenshi,1
132,GetBackers,1
134,Gunslinger Girl,1
142,Kamikaze Kaitou Jeanne,1
149,Loveless,1
150,Blood+,1
154,Shaman King,1
165,RahXephon,1
168,s.CRY.ed,1
169,Shingetsutan Tsukihime,1
174,Tenjou Tenge,1
185,Initial D First Stage,1
186,Initial D Second Stage,1
187,Initial D Third Stage,1
196,Onegai☆Twins,1
198,Speed Grapher,1
208,R.O.D: Read or Die,1
209,R.O.D: The TV,1
226,Elfen Lied,1
227,FLCL,1
228,Jigoku Shoujo,1
235,Meitantei Conan,1
239,Gankutsuou,1
242,Gokusen,1
250,Konjiki no Gash Bell!!,1
267,Gungrave,1
269,Bleach,1
270,Hellsing,1
272,Noir,1
290,Seikai no Monshou,1
302,Mirai Shounen Conan,1
320,A Kite,1
323,Mousou Dairinin,1
326,Petshop of Horrors,1
339,Serial Experiments Lain,1
341,Spiral: Suiri no Kizuna,1
369,Boogiepop wa Warawanai,1
371,Cardcaptor Sakura Movie 1,1
376,"Elfen Lied: Tooriame nite Arui wa, Shoujo wa Ikani Shite Sono Shinjou ni Itatta ka? - Regenschauer",1
379,Heppoko Jikken Animation Excel♥Saga,1
384,Gantz,1
387,Haibane Renmei,1
392,Yuu☆Yuu☆Hakusho,1
395,Gantz 2nd Stage,1
400,Seihou Bukyou Outlaw Star,1
405,Blood: The Last Vampire,1
411,Gun x Sword,1
413,Hametsu no Mars,1
415,Tonari no Yamada-kun,1
419,Samurai Deeper Kyou,1
437,Perfect Blue,1
440,Shoujo Kakumei Utena,1
457,Mushishi,1
467,Koukaku Kidoutai: Stand Alone Complex,1
468,Innocence,1
477,Aria the Animation,1
479,Ueki no Housoku,1
489,Kamichu!,1
516,Keroro Gunsou,1
523,Tonari no Totoro,1
539,Tenchi Muyou! Ryououki,1
553,Yami no Matsuei,1
565,Steamboy,1
567,The Big O,1
569,Musekinin Kanchou Tylor,1
570,Jin-Rou,1
584,Noein: Mou Hitori no Kimi e,1
586,Ayakashi: Japanese Classic Horror,1
601,Nekojiru-sou,1
603,Futari wa Precure,1
650,Gunsmith Cats,1
731,Interstella5555: The 5tory of The 5ecret 5tar 5ystem,1
759,Tokyo Godfathers,1
762,Bleach: Memories in the Rain,1
763,Zoids,1
770,Pale Cocoon,1
777,Hellsing Ultimate,1
779,Meitantei Conan Movie 01: Tokei Jikake no Matenrou,1
780,Meitantei Conan Movie 02: 14-banme no Target,1
781,Meitantei Conan Movie 03: Seikimatsu no Majutsushi,1
790,Ergo Proxy,1
793,xxxHOLiC Movie: Manatsu no Yoru no Yume,1
801,Koukaku Kidoutai: Stand Alone Complex 2nd GIG,1
820,Ginga Eiyuu Densetsu,1
822,Initial D Extra Stage,1
834,Bleach: The Sealed Sword Frenzy,1
849,Suzumiya Haruhi no Yuuutsu,1
861,xxxHOLiC,1
918,Gintama,1
934,Higurashi no Naku Koro ni,1
935,Witchblade,1
949,Top wo Nerae! Gunbuster,1
953,Juu Ou Sei,1
962,Aria the Natural,1
967,Hokuto no Ken,1
974,Dead Leaves,1
1002,Top wo Nerae 2! Diebuster,1
1013,Le Chevalier D'Eon,1
1016,Gunnm,1
1034,Ouritsu Uchuugun: Honneamise no Tsubasa,1
1050,Bobobo-bo Bo-bobo,1
1051,Ao no 6-gou,1
1090,Kidou Senshi Gundam I,1
1107,Youjuu Toshi,1
1138,Medarot,1
1212,Oban Star-Racers,1
1281,Gakkou no Kaidan,1
1303,The Animatrix,1
1347,Bubblegum Crisis,1
1363,Meitantei Conan Movie 04: Hitomi no Naka no Ansatsusha,1
1364,Meitantei Conan Movie 05: Tengoku e no Countdown,1
1365,Meitantei Conan Movie 06: Baker Street no Bourei,1
1366,Meitantei Conan Movie 07: Meikyuu no Crossroad,1
1367,Meitantei Conan Movie 08: Ginyoku no Magician,1
1412,Lupin III,1
1430,Lupin III: Cagliostro no Shiro,1
1454,Kemonozume,1
1462,Memories,1
1470,City Hunter,1
1505,Meitantei Conan Movie 09: Suihei Senjou no Strategy,1
1506,Meitantei Conan Movie 10: Tantei-tachi no Requiem,1
1535,Death Note,1
1536,Busou Renkin,1
1557,Shounen Onmyouji,1
1559,Shijou Saikyou no Deshi Kenichi,1
1566,Koukaku Kidoutai: Stand Alone Complex - Solid State Society,1
1571,Ghost Hunt,1
1575,Code Geass: Hangyaku no Lelouch,1
1594,Jigoku Shoujo Futakomori,1
1604,Katekyou Hitman Reborn!,1
1606,Kekkaishi,1
1668,Bakuten Shoot Beyblade G Revolution,1
1669,Bakuten Shoot Beyblade 2002,1
1686,Bleach Movie 1: Memories of Nobody,1
1690,Bokura no,1
1691,Kaze no Stigma,1
1719,Rozen Maiden: Ouvertüre,1
1816,Sonic X,1
1824,Hadashi no Gen,1
1860,Tokyo Majin Gakuen Kenpuuchou: Tou,1
1889,Higurashi no Naku Koro ni Kai,1
1913,Shonan Junai Gumi!,1
1915,Mahou Shoujo Lyrical Nanoha StrikerS,1
1943,Paprika,1
2001,Tengen Toppa Gurren Lagann,1
2025,Darker than Black: Kuro no Keiyakusha,1
2030,El Cazador de la Bruja,1
2130,Kaibutsu Oujo,1
2154,Tekkon Kinkreet,1
2158,Terra e... (TV),1
2164,Dennou Coil,1
2216,Shigurui,1
2246,Mononoke,1
2251,Baccano!,1
2273,Shin Kidou Senki Gundam Wing: Endless Waltz Tokubetsu-hen,1
2369,Rental Magica,1
2397,Digimon Adventure: Bokura no War Game!,1
2398,Digimon Adventure 02: Diablomon no Gyakushuu,1
2404,Zombie-Loan,1
2559,Romeo no Aoi Sora,1
2581,Kidou Senshi Gundam 00,1
2596,Shinreigari,1
2759,Evangelion Movie 1: Jo,1
2889,Bleach Movie 2: The DiamondDust Rebellion - Mou Hitotsu no Hyourinmaru,1
2904,Code Geass: Hangyaku no Lelouch R2,1
2951,Gintama: Nanigoto mo Saisho ga Kanjin nanode Tashou Senobisuru Kurai ga Choudoyoi,1
2981,Chika Gentou Gekiga: Shoujo Tsubaki,1
2985,Majin Tantei Nougami Neuro,1
2994,Death Note: Rewrite,1
3087,Cencoroll,1
3089,The Sky Crawlers,1
3091,xxxHOLiC◆Kei,1
3167,Eve no Jikan,1
3220,Kanashimi no Belladonna,1
3231,Gunslinger Girl: Il Teatrino,1
3297,Aria the Origination,1
3342,Mnemosyne: Mnemosyne no Musume-tachi,1
3359,Amatsuki,1
3366,Persona: Trinity Soul,1
3407,Blassreiter,1
3420,Shigofumi,1
3652,Higurashi no Naku Koro ni Rei,1
3655,Nabari no Ou,1
3656,Monochrome Factor,1
3667,Strike Witches,1
3701,Kaiba,1
3713,Jigoku Shoujo Mitsuganae,1
3783,Kara no Kyoukai Movie 3: Tsuukaku Zanryuu,1
3784,Evangelion Movie 2: Ha,1
3785,Evangelion Movie 3: Q,1
3786,Shin Evangelion Movie:||,1
3901,Baccano! Specials,1
3927,Kidou Senshi Gundam 00 Second Season,1
3974,Tetsuwan Birdy Decode,1
4081,Natsume Yuujinchou,1
4151,Mugen no Juunin,1
4382,Suzumiya Haruhi no Yuuutsu (2009),1
4447,Meitantei Conan Movie 12: Senritsu no Full Score,1
4581,Shikabane Hime: Aka,1
4618,RideBack,1
4672,Koukaku Kidoutai 2.0,1
4725,Ga-Rei: Zero,1
4835,Bleach Movie 3: Fade to Black - Kimi no Na wo Yobu,1
4879,Mouryou no Hako,1
4896,Umineko no Naku Koro ni,1
4898,Kuroshitsuji,1
4918,xxxHOLiC Shunmuki,1
4975,ChäoS;HEAd,1
4981,Casshern Sins,1
5034,Shikabane Hime: Kuro,1
5039,Kurozuka,1
5074,Tetsuwan Birdy Decode:02,1
5079,Kurokami The Animation,1
5081,Bakemonogatari,1
5177,Denpa-teki na Kanojo,1
5220,Shangri-La,1
5251,Angel Densetsu,1
5300,Zoku Natsume Yuujinchou,1
5356,Canaan,1
5365,Tsumiki no Ie,1
5460,Meitantei Conan Movie 13: Shikkoku no Chaser,1
5593,Dogs: Bullets & Carnage,1
5630,Higashi no Eden,1
5681,Summer Wars,1
5682,Phantom: Requiem for the Phantom,1
6030,Needless,1
6114,Rainbow: Nisha Rokubou no Shichinin,1
6211,Tokyo Magnitude 8.0,1
6336,Kidou Senshi Gundam Unicorn,1
6372,Higashi no Eden Movie I: The King of Eden,1
6381,Strike Witches 2,1
6467,Meitantei Conan Movie 14: Tenkuu no Lost Ship,1
6573,Darker than Black: Ryuusei no Gemini,1
6610,Ibara no Ou,1
6637,Higashi no Eden Movie II: Paradise Lost,1
6675,Redline,1
6682,11eyes,1
6707,Kuroshitsuji II,1
6746,Durarara!!,1
6747,Dance in the Vampire Bund,1
6774,Kuuchuu Buranko,1
6802,So Ra No Wo To,1
6864,xxxHOLiC Rou,1
6880,Deadman Wonderland,1
6895,Hakuouki,1
6945,Gintama: Shiroyasha Koutan,1
6948,Bakemonogatari Recap,1
6974,Seikimatsu Occult Gakuin,1
7058,Uragiri wa Boku no Namae wo Shitteiru,1
7079,Ookamikakushi,1
7193,Aoi Bungaku Series,1
7311,Suzumiya Haruhi no Shoushitsu,1
7338,Darker than Black: Kuro no Keiyakusha Gaiden,1
7465,Eve no Jikan (Movie),1
7472,Gintama Movie 1: Shinyaku Benizakura-hen,1
7592,Nurarihyon no Mago,1
7662,Shinrei Tantei Yakumo,1
7711,Karigurashi no Arrietty,1
7724,Shiki,1
7791,K-On!!,1
8074,Highschool of the Dead,1
8100,Mardock Scramble: The First Compression,1
8142,Colorful (Movie),1
8247,Bleach Movie 4: Jigoku-hen,1
8408,Durarara!! Specials,1
8449,Togainu no Chi,1
8460,Mirai Nikki,1
8841,Kore wa Zombie desu ka?,1
8915,Dantalian no Shoka,1
8917,Mouretsu Pirates,1
9065,Hakuouki: Hekketsuroku,1
9253,Steins;Gate,1
9260,Kizumonogatari I: Tekketsu-hen,1
9331,Yumekui Merry,1
9379,Denpa Onna to Seishun Otoko,1
9479,Coppelion,1
9513,Beelzebub,1
9617,K-On! Movie,1
9756,Mahou Shoujo Madoka★Magica,1
9834,Level E,1
9919,Ao no Exorcist,1
9941,Tiger & Bunny,1
9963,Meitantei Conan Movie 15: Chinmoku no Quarter,1
9969,Gintama',1
9981,Phi Brain: Kami no Puzzle,1
10049,Nurarihyon no Mago: Sennen Makyou,1
10083,Shiki Specials,1
10156,Sacred Seven,1
10161,No.6,1
10163,C: The Money of Soul and Possibility Control,1
10209,Kore wa Zombie desu ka? OVA,1
10294,Towa no Quon 1: Utakata no Kaben,1
10308,Sengoku Otome: Momoiro Paradox,1
10372,Kamisama Dolls,1
10379,Natsume Yuujinchou San,1
10389,Momo e no Tegami,1
10396,Ben-To,1
10417,Gyo,1
10418,Deadman Wonderland: Akai Knife Tsukai,1
10490,Blood-C,1
10491,Higurashi no Naku Koro ni Kira,1
10568,Kamisama no Memochou,1
10578,C³,1
10588,Persona 4 the Animation,1
10620,Mirai Nikki (TV),1
10638,Denpa Onna to Seishun Otoko: Mayonaka no Taiyou,1
10681,Blood-C: The Last Dark,1
10721,Mawaru Penguindrum,1
10793,Guilty Crown,1
10798,Un-Go,1
10863,Steins;Gate: Oukoubakko no Poriomania,1
11021,Muv-Luv Alternative: Total Eclipse,1
11077,Hellsing: The Dawn,1
11111,Another,1
11135,Hybrid Child,1
11227,Rinne no Lagrange,1
11577,Steins;Gate Movie: Fuka Ryouiki no Déjà vu,1
11665,Natsume Yuujinchou Shi,1
11701,Another: The Other - Inga,1
11737,Ao no Exorcist Movie,1
11751,Senki Zesshou Symphogear,1
11759,Accel World,1
11785,Haiyore! Nyaruko-san,1
11813,Shijou Saikyou no Deshi Kenichi OVA,1
11837,Zetman,1
11977,Mahou Shoujo Madoka★Magica Movie 1: Hajimari no Monogatari,1
11979,Mahou Shoujo Madoka★Magica Movie 2: Eien no Monogatari,1
11981,Mahou Shoujo Madoka★Magica Movie 3: Hangyaku no Monogatari,1
12029,Uchuu Senkan Yamato 2199,1
12189,Hyouka,1
12355,Ookami Kodomo no Ame to Yuki,1
12445,Tasogare Otome x Amnesia,1
12471,Eureka Seven AO,1
12477,Sakasama no Patema,1
12753,Phi Brain: Kami no Puzzle - Orpheus Order-hen,1
12883,Tsuritama,1
12979,Naruto SD: Rock Lee no Seishun Full-Power Ninden,1
13115,Hakuouki: Reimeiroku,1
13125,Shinsekai yori,1
13411,Guilty Crown: Lost Christmas - An Episode of Port Town,1
13469,Hyouka: Motsubeki Mono wa,1
13599,Robotics;Notes,1
13601,Psycho-Pass,1
13939,Accel World EX,1
14189,Tasogare Otome x Amnesia: Taima Otome,1
14283,Vividred Operation,1
14345,Btooom!,1
14353,Death Billiards,1
14355,Yama no Susume,1
14407,Persona 3 the Movie 1: Spring of Birth,1
14467,K,1
14719,JoJo no Kimyou na Bouken (TV),1
14807,Kara no Kyoukai Movie: Mirai Fukuin,1
14829,Fate/kaleid liner Prisma☆Illya,1
15037,Corpse Party: Tortured Souls - Bougyakusareta Tamashii no Jukyou,1
15059,Initial D Fifth Stage,1
15227,Kono Sekai no Katasumi ni,1
15335,Gintama Movie 2: Kanketsu-hen - Yorozuya yo Eien Nare,1
15417,Gintama': Enchousen,1
15613,Hakkenden: Touhou Hakken Ibun,1
15699,Haiyore! Nyaruko-san W,1
15793,Senki Zesshou Symphogear G,1
16498,Shingeki no Kyojin,1
16512,Devil Survivor 2 The Animation,1
16524,Suisei no Gargantia,1
16592,Danganronpa: Kibou no Gakuen to Zetsubou no Koukousei The Animation,1
16700,Higurashi no Naku Koro ni Kaku: Outbreak,1
16762,Mirai Nikki: Redial,1
16774,Inferno Cop,1
17187,Koukaku Kidoutai Arise: Ghost in the Shell - Border:1 Ghost Pain,1
17269,Captain Herlock,1
17651,Genei wo Kakeru Taiyou,1
17909,Uchouten Kazoku,1
18041,Rozen Maiden (2013),1
18055,Hakkenden: Touhou Hakken Ibun 2nd Season,1
18153,Kyoukai no Kanata,1
18229,Gatchaman Crowds,1
18397,Shingeki no Kyojin OVA,1
18411,Gingitsune,1
18617,Girls & Panzer Movie,1
18893,Aoki Hagane no Arpeggio: Ars Nova,1
19111,Love Live! School Idol Project 2nd Season,1
19191,Koukaku Kidoutai Arise: Ghost in the Shell - Border:2 Ghost Whispers,1
19285,Shingeki no Kyojin: Ano Hi Kara,1
19315,Pupa,1
19365,Samurai Flamenco,1
19383,Yami Shibai,1
19429,Akuma no Riddle,1
19759,Ansatsu Kyoushitsu: Jump Festa 2013 Special,1
19855,Nobunagun,1
20045,IS: Infinite Stratos 2 - Hitonatsu no Omoide,1
20057,Space☆Dandy,1
20507,Noragami,1
20509,Fate/kaleid liner Prisma☆Illya 2wei!,1
20651,Natsume Yuujinchou: Itsuka Yuki no Hi ni,1
20689,Hamatora The Animation,1
20709,Sabage-bu!,1
20787,Black Bullet,1
20973,Sekai Seifuku: Bouryaku no Zvezda,1
21039,Gatchaman Crowds Insight,1
21085,Witch Craft Works,1
21329,Mushishi: Hihamukage,1
21339,Psycho-Pass Movie 1,1
21353,Tokyo ESP,1
21431,Gokukoku no Brynhildr,1
21469,Stand By Me Doraemon,1
21473,Persona 3 the Movie 2: Midsummer Knight's Dream,1
21511,Kantai Collection: KanColle,1
21557,Omoide no Marnie,1
21561,Ryuugajou Nanana no Maizoukin,1
21573,Senki Zesshou Symphogear GX,1
21603,Mekakucity Actors,1
21743,Donten ni Warau,1
21855,Hanamonogatari,1
21939,Mushishi Zoku Shou,1
22135,Ping Pong the Animation,1
22145,Kuroshitsuji: Book of Circus,1
22507,Initial D Final Stage,1
22535,Kiseijuu: Sei no Kakuritsu,1
22537,Yami Shibai 2,1
22687,Terra Formars,1
22763,Kara no Kyoukai Movie: Mirai Fukuin - Extra Chorus,1
23133,M3: Sono Kuroki Hagane,1
23199,Durarara!!x2 Shou,1
23233,Shinmai Maou no Testament,1
23281,Psycho-Pass 2,1
23283,Zankyou no Terror,1
23317,Kuroshitsuji: Book of Murder,1
23327,Space☆Dandy 2nd Season,1
23333,DRAMAtical Murder,1
23385,Kyoukai no Kanata: Shinonome,1
23421,Re:␣Hamatora,1
23775,Shingeki no Kyojin Movie 1: Guren no Yumiya,1
23777,Shingeki no Kyojin Movie 2: Jiyuu no Tsubasa,1
24075,Persona 4 the Golden Animation,1
24405,World Trigger,1
24543,Persona 3 the Movie 3: Falling Down,1
24687,Mushishi Zoku Shou: Odoro no Michi,1
24701,Mushishi Zoku Shou 2nd Season,1
24765,Gakkougurashi!,1
24781,Imawa no Kuni no Alice,1
24833,Ansatsu Kyoushitsu,1
24997,Love Live! The School Idol Movie,1
25015,Kyoukai no Kanata Movie 1: I'll Be Here - Kako-hen,1
25183,Gangsta.,1
25687,Digimon Adventure tri. 1: Saikai,1
25777,Shingeki no Kyojin Season 2,1
25835,Shirobako,1
27387,Under the Dog,1
27411,Koukaku Kidoutai: Shin Movie,1
27525,Fate/kaleid liner Prisma☆Illya 2wei Herz!,1
27783,Sword Gai The Animation,1
27831,Durarara!!x2 Ten,1
27833,Durarara!!x2 Ketsu,1
27947,Lupin III (2015),1
27957,Steins;Gate: Soumei Eichi no Cognitive Computing,1
27969,Hana to Alice: Satsujin Jiken,1
28223,Death Parade,1
28405,Ansatsu Kyoushitsu: Deai no Jikan,1
28619,Ranpo Kitan: Game of Laplace,1
28621,Subete ga F ni Naru,1
28675,Kyoukai no Kanata Movie 2: I'll Be Here - Mirai-hen,1
28791,Gunslinger Stratos The Animation,1
28817,Mikagura Gakuen Kumikyoku (TV),1
28851,Koe no Katachi,1
28883,Hidan no Aria AA,1
28957,Mushishi Zoku Shou: Suzu no Shizuku,1
28977,Gintama°,1
29027,Shinmai Maou no Testament: Toujou Basara no Hard Sweet na Nichijou,1
29854,Ushio to Tora (TV),1
30016,Nanbaka,1
30187,Sakurako-san no Ashimoto ni wa Shitai ga Umatteiru,1
30191,Durarara!!x2 Shou: Watashi no Kokoro wa Nabe Moyou,1
30276,One Punch Man,1
30363,Shinmai Maou no Testament Burst,1
30365,Shinmai Maou no Testament Burst: Toujou Basara no Shigoku Heiwa na Nichijou,1
30455,KanColle: Itsuka Ano Umi de,1
30484,Steins;Gate 0,1
30485,ChäoS;Child,1
30503,Noragami Aragoto,1
30654,Ansatsu Kyoushitsu 2nd Season,1
30721,Hacka Doll The Animation,1
30806,Schwarzesmarken,1
31043,Boku dake ga Inai Machi,1
31098,Ushio to Tora (TV) 2nd Season,1
31149,Persona 3 the Movie 4: Winter of Rebirth,1
31163,Dimension W,1
31181,Owarimonogatari,1
31223,Phantasy Star Online 2 The Animation,1
31229,Servamp,1
31240,Re:Zero kara Hajimeru Isekai Seikatsu,1
31251,Kidou Senshi Gundam: Tekketsu no Orphans,1
31405,Joker Game,1
31430,Terra Formars: Revenge,1
31433,Ginga Eiyuu Densetsu: Die Neue These - Kaikou,1
31478,Bungou Stray Dogs,1
31552,Durarara!!x2 Ten: Onoroke Chakapoko,1
31580,Ajin,1
31630,"Gyakuten Saiban: Sono ""Shinjitsu"", Igi Ari!",1
31704,One Punch Man: Road to Hero,1
31706,Fate/kaleid liner Prisma☆Illya 3rei!!,1
31757,Kizumonogatari II: Nekketsu-hen,1
31758,Kizumonogatari III: Reiketsu-hen,1
31763,Accel World: Infinite∞Burst,1
31772,One Punch Man Specials,1
31812,Kuroshitsuji Movie: Book of the Atlantic,1
31973,Kidou Senshi Gundam Thunderbolt,1
32023,Bubuki Buranki,1
32071,Gantz:O,1
32086,Blame! Movie,1
32108,Digimon Adventure tri. 2: Ketsui,1
32182,Mob Psycho 100,1
32188,Steins;Gate: Kyoukaimenjou no Missing Link - Divide By Zero,1
32189,Danganronpa 3: The End of Kibougamine Gakuen - Mirai-hen,1
32268,Koyomimonogatari,1
32281,Kimi no Na wa.,1
32438,Mayoiga,1
32551,Digimon Adventure tri. 3: Kokuhaku,1
32566,Noblesse: Pamyeol-ui Sijak,1
32668,Noblesse: Awakening,1
32673,Udon no Kuni no Kiniro Kemari,1
32681,Uchuu Patrol Luluco,1
32827,B: The Beginning,1
32863,Ansatsu Kyoushitsu: Kagaijugyou-hen,1
32866,Brave Witches,1
32867,Bungou Stray Dogs 2nd Season,1
32878,ēlDLIVE,1
32915,Durarara!!x2 Ketsu: Dufufufu!!,1
32948,Fune wo Amu,1
32979,Flip Flappers,1
32981,Hand Shakers,1
32983,Natsume Yuujinchou Go,1
32995,Yuri!!! on Ice,1
32998,91 Days,1
33003,Mahou Shoujo Ikusei Keikaku,1
33010,FLCL Progressive,1
33028,Danganronpa 3: The End of Kibougamine Gakuen - Zetsubou-hen,1
33051,Kidou Senshi Gundam: Tekketsu no Orphans 2nd Season,1
33071,Bungou Stray Dogs: Hitori Ayumu,1
33091,Planetarian: Chiisana Hoshi no Yume,1
33190,Planetarian: Hoshi no Hito,1
33191,Kishibe Rohan wa Ugokanai,1
33206,Kobayashi-san Chi no Maid Dragon,1
33248,K: Seven Stories Movie 1 - R:B - Blaze,1
33253,Ajin Part 2,1
33263,Kubikiri Cycle: Aoiro Savant to Zaregotozukai,1
33337,ACCA: 13-ku Kansatsu-ka,1
33350,Zhen Hun Jie,1
33377,"Trickster: Edogawa Ranpo ""Shounen Tanteidan"" yori",1
33421,Yi Ren Zhi Xia,1
33506,Ao no Exorcist: Kyoto Fujouou-hen,1
33513,Ansatsu Kyoushitsu: 365-nichi no Jikan,1
33589,ViVid Strike!,1
33605,Ling Qi,1
33771,Cheating Craft,1
33985,Bloodivores,1
34019,Tsugumomo,1
34096,Gintama.,1
34102,Sakurada Reset,1
34103,Danganronpa 3: The End of Kibougamine Gakuen - Kibou-hen,1
34134,One Punch Man 2nd Season,1
34152,Super Danganronpa 2.5: Komaeda Nagito to Sekai no Hakaisha,1
34299,Digimon Adventure tri. 4: Soushitsu,1
34350,Alice to Zouroku,1
34414,Nanbaka 2,1
34437,Code Geass: Fukkatsu no Lelouch,1
34465,Ao no Exorcist: Kyoto Fujouou-hen OVA,1
34534,Natsume Yuujinchou Go Specials,1
34542,Inuyashiki,1
34547,Shoukoku no Altair,1
34565,Jikan no Shihaisha,1
34591,Natsume Yuujinchou Roku,1
34599,Made in Abyss,1
34620,Kono Yo no Hate de Koi wo Utau Shoujo YU-NO,1
34712,Kujira no Kora wa Sajou ni Utau,1
34777,"91 Days: Toki no Asase/Subete no Kinou/Ashita, Mata Ashita",1
34792,Yoake Tsugeru Lu no Uta,1
34933,Kakegurui,1
34944,Bungou Stray Dogs: Dead Apple,1
34962,Digimon Adventure tri. 5: Kyousei,1
34964,Killing Bites,1
34966,Jigoku Shoujo: Yoi no Togi,1
35076,Juuni Taisen,1
35120,Devilman: Crybaby,1
35145,Kobayashi-san Chi no OO Dragon,1
35220,Youkai Apartment no Yuuga na Nichijou,1
35240,Princess Principal,1
35247,Owarimonogatari 2nd Season,1
35248,18if,1
35333,Yi Ren Zhi Xia 2,1
35363,"Kobayashi-san Chi no Maid Dragon: Valentine, Soshite Onsen! - Amari Kitai Shinaide Kudasai",1
35507,Youkoso Jitsuryoku Shijou Shugi no Kyoushitsu e,1
35629,Skirt no Naka wa Kedamono deshita.,1
35677,Liz to Aoi Tori,1
35737,Pluto,1
35760,Shingeki no Kyojin Season 3,1
35828,Miira no Kaikata,1
35834,Angolmois: Genkou Kassenki,1
35838,Shoujo Shuumatsu Ryokou,1
35839,Sora yori mo Tooi Basho,1
35842,FLCL Alternative,1
35843,Gintama. Porori-hen,1
35847,SSSS.Gridman,1
35889,Hakata Tonkotsu Ramens,1
35928,Devils Line,1
35994,Satsuriku no Tenshi,1
36027,Ousama Game The Animation,1
36039,A.I.C.O. Incarnation,1
36106,Shingeki no Kyojin: Lost Girls,1
36124,Itou Junji: Collection,1
36245,Evil or Live,1
36266,Mahou Shoujo Site,1
36275,Natsume Yuujinchou Roku Specials,1
36397,Shiyan Pin Jiating,1
36466,Digimon Adventure tri. 6: Bokura no Mirai,1
36522,Ling Qi 2,1
36525,Dorei-ku The Animation,1
36538,Natsume Yuujinchou Movie: Utsusemi ni Musubu,1
36548,Kokkoku,1
36616,Mob Psycho 100: Reigen - Shirarezaru Kiseki no Reinouryokusha,1
36649,Banana Fish,1
36688,Shinmai Maou no Testament Departures,1
36702,Shingeki no Kyojin Season 2 Movie: Kakusei no Houkou,1
36828,Caligula,1
36838,Gintama. Shirogane no Tamashii-hen,1
36862,Made in Abyss Movie 3: Fukaki Tamashii no Reimei,1
36999,Zoku Owarimonogatari,1
37086,Kakegurui××,1
37407,Penguin Highway,1
37426,Sarazanmai,1
37435,Carole & Tuesday,1
37440,Psycho-Pass: Sinners of the System Case.1 - Tsumi to Batsu,1
37441,Psycho-Pass: Sinners of the System Case.2 - First Guardian,1
37442,Psycho-Pass: Sinners of the System Case.3 - Onshuu no Kanata ni＿＿,1
37447,Karakuri Circus,1
37451,Boogiepop wa Warawanai (2019),1
37458,Kyoto Teramachi Sanjou no Holmes,1
37487,Muhyo to Rouji no Mahouritsu Soudan Jimusho,1
37491,Gintama. Shirogane no Tamashii-hen - Kouhan-sen,1
37510,Mob Psycho 100 II,1
37514,Made in Abyss Movie 1: Tabidachi no Yoake,1
37515,Made in Abyss Movie 2: Hourou Suru Tasogare,1
37517,Happy Sugar Life,1
37522,Pet,1
37525,Babylon,1
37569,Sirius,1
37598,Phantom in the Twilight,1
37765,Kidou Senshi Gundam: Senkou no Hathaway,1
37779,Yakusoku no Neverland,1
37926,Nakanohito Genome [Jikkyouchuu],1
37952,Shoumetsu Toshi,1
37964,Mayonaka no Occult Koumuin,1
37979,Mahou Shoujo Tokushusen Asuka,1
37981,Kaijuu no Kodomo,1
37987,Violet Evergarden Movie,1
37994,B: The Beginning Succession,1
37998,Girly Air Force,1
38000,Kimetsu no Yaiba,1
38003,Bungou Stray Dogs 3rd Season,1
38088,Digimon Adventure: Last Evolution Kizuna,1
38161,Kabukichou Sherlock,1
38192,Sakugan,1
38256,Magia Record: Mahou Shoujo Madoka☆Magica Gaiden,1
38328,Azur Lane,1
38414,Re:Zero kara Hajimeru Isekai Seikatsu - Hyouketsu no Kizuna,1
38524,Shingeki no Kyojin Season 3 Part 2,1
38656,Darwin's Game,1
38735,7 Seeds,1
38759,Sewayaki Kitsune no Senko-san,1
38853,Ex-Arm,1
38936,Lord El-Melloi II-sei no Jikenbo: Rail Zeppelin Grace Note - Hakamori to Neko to Majutsushi,1
38959,Lord El-Melloi II-sei no Jikenbo: Rail Zeppelin Grace Note,1
39017,Kyokou Suiri,1
39195,Beastars,1
39198,Kanata no Astra,1
39221,Bem,1
39247,Kobayashi-san Chi no Maid Dragon S,1
39463,Gleipnir,1
39469,Tsugu Tsugumomo,1
39486,Gintama: The Final,1
39491,Psycho-Pass 3,1
39539,No Guns Life,1
39587,Re:Zero kara Hajimeru Isekai Seikatsu 2nd Season,1
39617,Yakusoku no Neverland 2nd Season,1
39651,Mob Psycho 100: Dai Ikkai Rei toka Soudansho Ian Ryokou - Kokoro Mitasu Iyashi no Tabi,1
39652,One Punch Man 2nd Season Commemorative Special,1
39705,One Punch Man 2nd Season Specials,1
39806,Mugen no Juunin: Immortal,1
40028,Shingeki no Kyojin: The Final Season,1
40046,Id:Invaded,1
40230,Housekishou Richard-shi no Nazo Kantei,1
40333,Uzumaki,1
40359,Ikebukuro West Gate Park,1
40456,Kimetsu no Yaiba Movie: Mugen Ressha-hen,1
40515,Nihon Chinbotsu 2020,1
40529,No Guns Life 2nd Season,1
40602,7 Seeds 2nd Season,1
40748,Jujutsu Kaisen,1
40784,Wu Liuqi: Zui Qiang Fa Xing Shi,1
40858,Psycho-Pass 3: First Inspector,1
40907,World Trigger 2nd Season,1
40908,Kemono Jihen,1
40911,Yuukoku no Moriarty,1
40930,Azur Lane: Bisoku Zenshin!,1
40935,Beastars 2nd Season,1
41006,Higurashi no Naku Koro ni Gou,1
41025,Fumetsu no Anata e,1
41084,Made in Abyss: Retsujitsu no Ougonkyou,1
41265,Mars Red,1
41345,Noblesse,1
41433,Akudama Drive,1
41457,86,1
41467,Bleach: Sennen Kessen-hen,1
41530,Magia Record: Mahou Shoujo Madoka☆Magica Gaiden 2nd Season - Kakusei Zenya,1
41694,Hataraku Saibou Black,1
42091,Shingeki no Kyojin: Chronicle,1
42203,Re:Zero kara Hajimeru Isekai Seikatsu 2nd Season Part 2,1
42205,Shaman King (2021),1
42249,Tokyo Revengers,1
42307,Subarashiki Kono Sekai The Animation,1
42310,Cyberpunk: Edgerunners,1
42822,Kai Byoui Ramune,1
42847,Ai no Utagoe wo Kikasete,1
42892,Baraou no Souretsu,1
42894,Natsume Yuujinchou: Ishi Okoshi to Ayashiki Raihousha,1
43229,Godzilla: S.P,1
43299,Wonder Egg Priority,1
43325,Yuukoku no Moriarty Part 2,1
43439,Shadows House,1
43690,Tenkuu Shinpan,1
43814,Deatte 5-byou de Battle,1
44074,Shiguang Dailiren,1
44087,Gintama: The Semi-Final,1
44204,Kyokou Suiri Season 2,1
44387,Sankaku Mado no Sotogawa wa Yoru,1
44807,Ryuu to Sobakasu no Hime,1
44940,World Trigger 3rd Season,1
44961,Platinum End,1
45556,Wu Liuqi: Xuanwu Guo Pian,1
45649,The First Slam Dunk,1
46095,Vivy: Fluorite Eye's Song,1
46102,Odd Taxi,1
46569,Jigokuraku,1
46604,Dolls' Frontline,1
47194,Summertime Render,1
47250,Jouran: The Princess of Snow and Blood,1
47616,Yakusoku no Neverland: Michishirube,1
47778,Kimetsu no Yaiba: Yuukaku-hen,1
48453,Super Crooks,1
48488,Higurashi no Naku Koro ni Sotsu,1
48492,Scarlet Nexus,1
48561,Jujutsu Kaisen 0 Movie,1
48569,86 Part 2,1
48583,Shingeki no Kyojin: The Final Season Part 2,1
48590,Mini Dragon,1
48614,Wonder Egg Priority: Watashi no Priority,1
48649,Fuuto Tantei,1
48820,Mahou Shoujo Madoka★Magica Movie 4: Walpurgis no Kaiten,1
48849,Sonny Boy,1
48981,Mahou Shoujo Magical Destroyers,1
49200,Shiguang Dailiren Fanwai Pian: Biwu Zhaoqin,1
49235,86 Special Edition: Senya ni Akaku Hinageshi no Saku,1
49303,Alice to Therese no Maboroshi Koujou,1
49413,Shiguang Dailiren II,1
49469,Beastars Final Season,1
49709,Fumetsu no Anata e Season 2,1
49782,Shadows House 2nd Season,1
49893,Kobayashi-san Chi no Maid Dragon S: Nippon no Omotenashi - Attend wa Dragon desu,1
49926,Kimetsu no Yaiba: Mugen Ressha-hen,1
50172,Mob Psycho 100 III,1
50204,Tokyo 24-ku,1
50265,Spy x Family,1
50330,Bungou Stray Dogs 4th Season,1
50338,Kunoichi Tsubaki no Mune no Uchi,1
50339,Kakegurui Twin,1
50384,Mononogatari,1
50549,Bubble,1
50586,Migi to Dali,1
50590,Koukyuu no Karasu,1
50594,Suzume no Tojimari,1
50602,Spy x Family Part 2,1
50608,Tokyo Revengers: Seiya Kessen-hen,1
50869,Kami wa Game ni Ueteiru.,1
50891,Hoshi no Samidare,1
51009,Jujutsu Kaisen 2nd Season,1
51019,Kimetsu no Yaiba: Katanakaji no Sato-hen,1
51096,Youkoso Jitsuryoku Shijou Shugi no Kyoushitsu e 2nd Season,1
51180,Youkoso Jitsuryoku Shijou Shugi no Kyoushitsu e 3rd Season,1
51252,Spy Kyoushitsu,1
51535,Shingeki no Kyojin: The Final Season - Kanketsu-hen,1
52031,Itou Junji: Maniac,1
52034,[Oshi no Ko],1
52092,My Home Hero,1
52107,Mononoke Movie 1: Karakasa,1
52193,Akiba Meido Sensou,1
52505,Dark Gathering,1
52741,Undead Unluck,1
52747,Psycho-Pass Movie 2: Providence,1
52807,One Punch Man 3,1
53033,Mecha-ude (TV),1
53149,Oemojisangjuui,1
53213,Revenger,1
53237,Shy,1
53393,Tengoku Daimakyou,1
53411,Buddy Daddies,1
53787,AI no Idenshi,1
53865,Yozakura-san Chi no Daisakusen,1
53879,Kamonohashi Ron no Kindan Suiri,1
53887,Spy x Family Season 2,1
53888,Spy x Family Movie: Code: White,1
53889,Ao no Exorcist: Shimane Illuminati-hen,1
53998,Bleach: Sennen Kessen-hen - Ketsubetsu-tan,1
54112,Zom 100: Zombie ni Naru made ni Shitai 100 no Koto,1
54199,Kaii to Otome to Kamikakushi,1
54250,Made in Abyss: Mezameru Shinpi,1
54492,Kusuriya no Hitorigoto,1
54703,Fumetsu no Anata e Season 3,1
54790,Undead Girl Murder Farce,1
54794,Metallic Rouge,1
54857,Re:Zero kara Hajimeru Isekai Seikatsu 3rd Season,1
54898,Bungou Stray Dogs 5th Season,1
54918,Tokyo Revengers: Tenjiku-hen,1
54947,Spy Kyoushitsu 2nd Season,1
55357,Bocchi the Rock! Movie,1
55701,Kimetsu no Yaiba: Hashira Geiko-hen,1
55823,Natsume Yuujinchou Shichi,1
55825,Jigokuraku 2nd Season,1
55855,Kuroshitsuji: Kishuku Gakkou-hen,1
55911,The Fable,1
56038,Lazarus,1
56179,Delico's Nursery,1
56285,Ninja Kamui,1
56784,Bleach: Sennen Kessen-hen - Soukoku-tan,1
56835,Code Geass: Dakkan no Rozé,1
57334,Dandadan,1
57635,Kamonohashi Ron no Kindan Suiri 2nd Season,1
57658,Jujutsu Kaisen: Shimetsu Kaiyuu - Zenpen,1
57864,Monogatari Series: Off & Monster Season,1
58125,Look Back,1
58514,Kusuriya no Hitorigoto 2nd Season,1
58516,Ao no Exorcist: Yuki no Hate-hen,1
58883,Dead Dead Demons Dededede Destruction (ONA),1
58913,Hikaru ga Shinda Natsu,1
58939,Sakamoto Days,1
59027,Spy x Family Season 3,1
59192,Kimetsu no Yaiba Movie 1: Mugenjou-hen - Akaza Sairai,1
59226,Ao no Exorcist: Yosuga-hen,1
59228,Kuroshitsuji: Midori no Majo-hen,1
59267,Sanda,1
59571,Shingeki no Kyojin Movie: Kanketsu-hen - The Last Attack,1
59632,Mattaku Saikin no Tantei to Kitara,1
59654,Jujutsu Kaisen: Kaigyoku/Gyokusetsu,1
59675,Apocalypse Hotel,1
59708,Youkoso Jitsuryoku Shijou Shugi no Kyoushitsu e 4th Season: 2-nensei-hen 1 Gakki,1
59711,Shibou Yuugi de Meshi wo Kuu.,1
59897,Kobayashi-san Chi no Maid Dragon: Samishigariya no Ryuu,1
60151,Eris no Seihai,1
60223,Kaya-chan wa Kowakunai,1
60226,Isekai no Sata wa Shachiku Shidai,1
60285,Sakamoto Days Part 2,1
60427,Gnosia,1
60449,Kidou Senshi Gundam: GQuuuuuuX,1
60489,Takopii no Genzai,1
60543,Dandadan 2nd Season,1
60636,Bleach: Sennen Kessen-hen - Kashin-tan,1
61159,Toujima Tanzaburou wa Kamen Rider ni Naritai,1
61316,Re:Zero kara Hajimeru Isekai Seikatsu 4th Season,1
61469,Steel Ball Run: JoJo no Kimyou na Bouken,1
61987,Kusuriya no Hitorigoto 3rd Season,1
61990,Cyberpunk: Edgerunners 2,1
62001,Yomi no Tsugai,1
62331,Liar Game,1
62391,Kill Ao,1
62516,Dandadan 3rd Season,1
62546,Kimetsu no Yaiba Movie 2: Mugenjou-hen,1
62601,Marriagetoxin,1
62844,Kusuriya no Hitorigoto Movie,1
62896,Chou Kaguya-hime!,1
16,Hachimitsu to Clover,2
24,School Rumble,2
45,Rurouni Kenshin: Meiji Kenkaku Romantan,2
49,Aa! Megami-sama!,2
50,Aa! Megami-sama! (TV),2
53,Ai Yori Aoshi,2
59,Chobits,2
61,D.N.Angel,2
63,DearS,2
79,Shuffle!,2
102,Aishiteruze Baby★★,2
122,Full Moon wo Sagashite,2
133,Green Green,2
135,Hikaru no Go,2
145,Kareshi Kanojo no Jijou,2
146,Kono Minikuku mo Utsukushii Sekai,2
157,Mahou Sensei Negima!,2
180,Vandread,2
181,Vandread: The Second Stage,2
189,Love Hina,2
190,Love Hina Again,2
191,Love Hina Christmas Special: Silent Eve,2
192,Love Hina Haru Special: Kimi Sakura Chiru Nakare!!,2
193,Maburaho,2
210,Ranma ½,2
218,Kidou Senkan Nadesico,2
232,Cardcaptor Sakura,2
241,Girls Bravo: First Season,2
243,Gravitation,2
246,Groove Adventure Rave,2
248,Ichigo 100%,2
257,Ikkitousen,2
268,Golden Boy,2
276,Mahoromatic: Automatic Maiden,2
306,Abenobashi Mahou☆Shoutengai,2
330,Midori no Hibi,2
334,Marmalade Boy,2
343,Tsukuyomi: Moon Phase,2
357,Bokusatsu Tenshi Dokuro-chan,2
372,Cardcaptor Sakura Movie 2: Fuuin Sareta Card,2
394,Ai Yori Aoshi: Enishi,2
412,Kore ga Watashi no Goshujinsama,2
416,Kurenai no Buta,2
427,Kaleido Star,2
443,Onegai☆Teacher: Himitsu na Futari,2
469,Karin,2
487,Girls Bravo: Second Season,2
517,School Rumble: Ichi Gakki Hoshuu,2
591,Amaenaide yo!!,2
667,Kashimashi: Girl Meets Girl,2
696,Tenchi Muyou!,2
710,Rec,2
746,Papa to Kiss in the Dark,2
846,School Rumble Ni Gakki,2
850,Gakuen Heaven,2
853,Ouran Koukou Host Club,2
857,Air Gear,2
875,Mind Game,2
880,Aa! Megami-sama! Sorezore no Tsubasa,2
886,Amaenaide yo!! Katsu!!,2
940,Inukami!,2
966,Crayon Shin-chan,2
990,Kamisama Kazoku,2
996,Bishoujo Senshi Sailor Moon: Sailor Stars,2
1060,Oruchuban Ebichu,2
1087,Kimagure Orange☆Road,2
1195,Zero no Tsukaima,2
1210,NHK ni Youkoso!,2
1218,Tonagura!,2
1251,Fushigi no Umi no Nadia,2
1293,Urusei Yatsura,2
1453,Maison Ikkoku,2
1486,Kodomo no Omocha (TV),2
1532,Suki na Mono wa Suki Dakara Shou ga Nai!!,2
1546,Negima!?,2
1568,Sumomomo Momomo: Chijou Saikyou no Yome,2
1569,Otome wa Boku ni Koishiteru,2
1698,Nodame Cantabile,2
1722,Nagasarete Airantou,2
1808,Kamichama Karin,2
1836,Shuffle! Memories,2
1840,Zero no Tsukaima: Futatsuki no Kishi,2
1956,Ikkitousen: Dragon Destiny,2
2026,Hayate no Gotoku!,2
2034,Lovely★Complex,2
2104,Seto no Hanayome,2
2131,Bokusatsu Tenshi Dokuro-chan 2,2
2403,Kodomo no Jikan (TV),2
2494,Goshuushou-sama Ninomiya-kun,2
2993,Rosario to Vampire,2
3001,Moyashimon,2
3092,Junjou Romantica,2
3229,Kimi ga Aruji de Shitsuji ga Ore de,2
3358,Kure-nai,2
3375,Kirepapa.,2
3455,To LOVE-Ru,2
3467,Nogizaka Haruka no Himitsu,2
3470,Special A,2
3503,Kanokon,2
3613,Toshokan Sensou,2
3712,Zero no Tsukaima: Princesses no Rondo,2
3731,Itazura na Kiss,2
3759,School Days: Valentine Days,2
3958,Kannagi,2
4015,School Rumble San Gakki,2
4063,Sekirei,2
4163,Seto no Hanayome OVA,2
4192,Hayate no Gotoku!!,2
4196,Ikkitousen: Great Guardians,2
4214,Rosario to Vampire Capu2,2
4477,Nodame Cantabile: Paris-hen,2
4551,Hakushaku to Yousei,2
4722,Skip Beat!,2
4744,Akaneiro ni Somaru Saka,2
4814,Junjou Romantica 2,2
4999,Asu no Yoichi!,2
5042,Kiss x Sis,2
5112,Akikan!,2
5150,Hatsukoi Limited.,2
5277,Sekirei: Pure Engagement,2
5279,Sekirei: Hajimete no Otsukai,2
5507,Senjou no Valkyria,2
5597,Natsu no Arashi!,2
5667,To LOVE-Ru OVA,2
5690,Nodame Cantabile Finale,2
5734,Tayutama: Kiss on My Deity,2
5764,Zero no Tsukaima: Princesses no Rondo - Yuuwaku no Sunahama,2
5774,Seitokaichou ni Chuukoku,2
5781,Isekai no Seikishi Monogatari,2
5958,Sora no Otoshimono,2
6007,Ookami to Koushinryou II: Ookami to Kohakuiro no Yuuutsu,2
6023,Nogizaka Haruka no Himitsu Purezza ♪,2
6166,Asobi ni Iku yo!,2
6201,Princess Lover!,2
6205,Kämpfer,2
6324,Omamori Himari,2
6347,Baka to Test to Shoukanjuu,2
6489,Zero no Tsukaima: Princesses no Rondo Picture Drama,2
6512,Nyan Koi!,2
6645,Chuu Bra!!,2
6956,Working!!,2
7054,Kaichou wa Maid-sama!,2
7088,Ichiban Ushiro no Daimaou,2
7148,Ladies versus Butlers!,2
7580,Ikkitousen: Xtreme Xecutor,2
7590,Mayoi Neko Overrun!,2
7593,Kiss x Sis (TV),2
7647,Arakawa Under the Bridge,2
7674,Bakuman.,2
7769,Ookami-san to Shichinin no Nakama-tachi,2
7785,Yojouhan Shinwa Taikei,2
7817,B-gata H-kei,2
7858,Sora no Otoshimono: Project Pink,2
8277,Hyakka Ryouran: Samurai Girls,2
8310,Magic Kaito,2
8407,Sora no Otoshimono Forte,2
8424,MM!,2
8465,Ichiban Ushiro no Daimaou Specials,2
8476,Otome Youkai Zakuro,2
8516,Baka to Test to Shoukanjuu Ni!,2
8525,Kami nomi zo Shiru Sekai,2
8536,Fortune Arterial: Akai Yakusoku,2
8630,Hidan no Aria,2
8634,Koisuru Boukun,2
8876,Koe de Oshigoto! The Animation,2
9041,IS: Infinite Stratos,2
9074,Arakawa Under the Bridge x Bridge,2
9136,Kuroshitsuji II Specials,2
9181,Motto To LOVE-Ru,2
9201,Air Gear: Kuro no Hane to Nemuri no Mori - Break on the Sky,2
9355,Sekirei: Pure Engagement Episode 0,2
9515,Highschool of the Dead: Drifters of the Dead,2
9587,Oniichan no Koto nanka Zenzen Suki ja Nai n da kara ne!!,2
9618,Asobi ni Iku yo!: Asobi ni Oide,2
9624,30-sai no Hoken Taiiku,2
9675,Kami nomi zo Shiru Sekai: Flag 0,2
9736,Astarotte no Omocha!,2
9750,Itsuka Tenma no Kuro Usagi,2
9790,Sora no Otoshimono: Tokeijikake no Angeloid,2
9922,Oretachi ni Tsubasa wa Nai: Under the Innocent Sky.,2
9936,Maken-Ki!,2
9982,Fairy Tail OVA,2
10012,Carnival Phantasm,2
10020,Ore no Imouto ga Konnani Kawaii Wake ga Nai Specials,2
10030,Bakuman. 2nd Season,2
10076,Kämpfer für die Liebe,2
10079,Hoshizora e Kakaru Hashi,2
10080,Kami nomi zo Shiru Sekai II,2
10110,Mayo Chiki!,2
10213,Maji de Watashi ni Koi Shinasai!,2
10216,"Yondemasu yo, Azazel-san. (TV)",2
10278,The iDOLM@STER,2
10321,Uta no☆Prince-sama♪ Maji Love 1000%,2
10465,Manyuu Hikenchou,2
10521,Working'!!,2
10536,Kimi ni Todoke 2nd Season: Minitodo Gekijou,2
10572,Ro-Kyu-Bu!,2
10604,Hidan no Aria: Butei ga Kitarite Onsen Kenshuu,2
10611,R-15,2
10719,Boku wa Tomodachi ga Sukunai,2
10794,IS: Infinite Stratos Encore - Koi ni Kogareru Rokujuusou,2
10805,Kami nomi zo Shiru Sekai: 4-nin to Idol,2
10897,Boku wa Tomodachi ga Sukunai: Yaminabe wa Bishoujo ga Zannen na Nioi,2
11013,Inu x Boku SS,2
11179,Papa no Iukoto wo Kikinasai!,2
11209,Maken-Ki! OVA,2
11319,Zero no Tsukaima F,2
11499,Sankarea,2
11597,Nisemonogatari,2
11617,High School DxD,2
11761,Medaka Box,2
11763,Sekai de Ichiban Tsuyoku Naritai!,2
11933,Oda Nobuna no Yabou,2
12187,Carnival Phantasm EX Season,2
12291,Acchi Kocchi,2
12293,Campione! Matsurowanu Kamigami to Kamigoroshi no Maou,2
12317,Upotte!!,2
12365,Bakuman. 3rd Season,2
12461,Hiiro no Kakera,2
12503,Mirai Nikki (TV): Ura Mirai Nikki,2
12549,"Dakara Boku wa, H ga Dekinai.",2
12581,Asa made Jugyou Chu!,2
12711,Uta no☆Prince-sama♪ Maji Love 2000%,2
12729,High School DxD OVA,2
12783,Sora no Otoshimono Final: Eternal My Master,2
13055,Sankarea OVA,2
13357,High School DxD Specials,2
13367,"Kono Naka ni Hitori, Imouto ga Iru!",2
13403,Inu x Boku SS: Miketsukami-kun Henka/Switch/Omamagoto,2
13535,Binbougami ga!,2
13655,Little Busters!,2
13659,Ore no Imouto ga Konnani Kawaii Wake ga Nai.,2
13663,To LOVE-Ru Darkness,2
13767,Junjou Romantica OVA,2
13851,To LOVE-Ru Darkness OVA,2
14027,Boku wa Tomodachi ga Sukunai: Relay Shousetsu wa Ketsumatsu ga Hanpanai,2
14199,Oniichan dakedo Ai sae Areba Kankeinai yo ne!,2
14227,Tonari no Kaibutsu-kun,2
14515,Sasami-san@Ganbaranai,2
14527,Medaka Box Abnormal,2
14645,Hiiro no Kakera 2nd Season,2
14653,Hayate no Gotoku! Can't Take My Eyes Off You,2
14713,Kamisama Hajimemashita,2
14741,Chuunibyou demo Koi ga Shitai!,2
14749,Ore no Kanojo to Osananajimi ga Shuraba Sugiru,2
14813,Yahari Ore no Seishun Love Comedy wa Machigatteiru.,2
14893,"Dakara Boku wa, H ga Dekinai. Mie Sugi! Mizugi Contest",2
14967,Boku wa Tomodachi ga Sukunai Next,2
15005,Kyou no Asuka Show,2
15117,Kami nomi zo Shiru Sekai: Tenri-hen,2
15119,Senran Kagura,2
15225,Hentai Ouji to Warawanai Neko.,2
15377,Hyakka Ryouran: Samurai Bride,2
15379,Kotoura-san,2
15451,High School DxD New,2
15565,Maken-Ki! Two,2
15689,Nekomonogatari: Kuro,2
15729,Hagure Yuusha no Aesthetica: Hajirai Ippai,2
15809,Hataraku Maou-sama!,2
16273,Acchi Kocchi: Place=Princess,2
16353,Love Lab,2
16397,Photokano,2
16444,Mondaiji-tachi ga Isekai kara Kuru Sou desu yo?: Onsen Manyuuki,2
16694,Sankarea: Wagahai mo... Zombie de Aru...,2
16706,Kami nomi zo Shiru Sekai: Megami-hen,2
16866,Tonari no Kaibutsu-kun: Tonari no Gokudou-kun,2
16934,Chuunibyou demo Koi ga Shitai! Kirameki no... Slapstick Noel,2
17074,Monogatari Series: Second Season,2
17157,Nozoki Ana,2
17777,"Saikin, Imouto no Yousu ga Chotto Okashiinda ga.",2
17831,Inu to Hasami wa Tsukaiyou,2
18095,Nourin,2
18195,Little Busters! Refrain,2
18247,IS: Infinite Stratos 2,2
18661,Kamisama Hajimemashita OVA,2
18671,Chuunibyou demo Koi ga Shitai! Ren,2
18677,Yuusha ni Narenakatta Ore wa Shibushibu Shuushoku wo Ketsui Shimashita.,2
18753,Yahari Ore no Seishun Love Comedy wa Machigatteiru. OVA,2
18857,Ore no Imouto ga Konnani Kawaii Wake ga Nai. Specials,2
18897,Nisekoi,2
19021,Takanashi Rikka Kai: Chuunibyou demo Koi ga Shitai! Movie,2
19151,Walkure Romanze,2
19221,"Ore no Nounai Sentakushi ga, Gakuen Love Comedy wo Zenryoku de Jama Shiteiru",2
19685,Kanojo ga Flag wo Oraretara,2
19815,No Game No Life,2
20359,Yamada-kun to 7-nin no Majo PV,2
20371,Sekaiichi Hatsukoi Movie: Yokozawa Takafumi no Baai,2
20457,"Inari, Konkon, Koi Iroha.",2
20517,Little Busters! EX,2
20541,Mikakunin de Shinkoukei,2
20545,Yuusha ni Narenakatta Ore wa Shibushibu Shuushoku wo Ketsui Shimashita. OVA,2
20767,Noragami OVA,2
20939,"Ore no Nounai Sentakushi ga, Gakuen Love Comedy wo Zenryoku de Jama Shiteiru OVA",2
21033,Seikoku no Dragonar,2
21105,Love Stage!!,2
21439,Uta no☆Prince-sama♪ Maji Love Revolutions,2
21653,IS: Infinite Stratos 2 - World Purge-hen,2
21809,Kenzen Robo Daimidaler,2
21863,Mangaka-san to Assistant-san to The Animation,2
21877,High Score Girl,2
22147,Amagi Brilliant Park,2
22835,Himegoto,2
22865,Rokujouma no Shinryakusha!?,2
22877,Seireitsukai no Blade Dance,2
23079,Glasslip,2
23227,Mikakunin de Shinkoukei: Kamoniku tte Midori-ppoi Aji ga Suru no ne.,2
23251,Gugure! Kokkuri-san,2
23277,Saenai Heroine no Sodatekata,2
23289,Gekkan Shoujo Nozaki-kun,2
23309,Rail Wars!,2
23441,Love Stage!!: Chotto ja Nakutte,2
23587,The iDOLM@STER Cinderella Girls,2
23673,Ookami Shoujo to Kuro Ouji,2
23701,Toradora! Recap,2
23847,Yahari Ore no Seishun Love Comedy wa Machigatteiru. Zoku,2
23945,Majimoji Rurumo,2
24135,Nobunaga Concerto,2
24227,Nisekoi OVA,2
24475,Mangaka-san to Assistant-san to The Animation Specials,2
24627,Yamada-kun to 7-nin no Majo: Mou Hitotsu no Suzaku-sai,2
24703,High School DxD BorN,2
24705,"Ore, Twintail ni Narimasu.",2
24991,No Game No Life Specials,2
25099,"Ore ga Ojousama Gakkou ni ""Shomin Sample"" Toshite Gets♥Sareta Ken",2
25157,Trinity Seven,2
25517,Magic Kaito 1412,2
25649,Junjou Romantica 3,2
25681,Kamisama Hajimemashita◎,2
25859,Re-Kan!,2
25879,Working!!!,2
26023,Haiyore! Nyaruko-san F,2
26349,Danna ga Nani wo Itteiru ka Wakaranai Ken,2
26351,Nagato Yuki-chan no Shoushitsu,2
26441,Junketsu no Maria,2
27601,Chuunibyou demo Koi ga Shitai! Ren: The Rikka Wars,2
27633,Gekkan Shoujo Nozaki-kun Specials,2
27787,Nisekoi:,2
28025,Tsukimonogatari,2
28285,Trinity Seven: Nanatsu no Taizai to Nana Madoushi,2
28297,Ore Monogatari!!,2
28299,Ookami Shoujo to Kuro Ouji: Gishinanki – Happening Kiss,2
28423,Kyoukai no Rinne,2
28617,Punch Line,2
28677,Yamada-kun to 7-nin no Majo,2
28819,Okusama ga Seitokaichou!,2
28979,To LOVE-Ru Darkness 2nd,2
29067,Danna ga Nani wo Itteiru ka Wakaranai Ken 2 Sure-me,2
29317,Saenai Heroine no Sodatekata: Ai to Seishun no Service-kai,2
29589,Denpa Kyoushi,2
29785,Jitsu wa Watashi wa,2
29786,Shimoneta to Iu Gainen ga Sonzai Shinai Taikutsu na Sekai,2
29976,Dance with Devils,2
30014,Momokuri,2
30206,Amagi Brilliant Park: Nonbirishiteiru Hima ga Nai!,2
30240,Prison School,2
30300,"High School DxD New: Oppai, Tsutsumimasu!",2
30307,Monster Musume no Iru Nichijou,2
30464,Shinmai Maou no Testament Specials,2
30544,Gakusen Toshi Asterisk,2
30709,Kamisama Hajimemashita: Kako-hen,2
30714,Owaranai Seraph,2
30727,Saenai Heroine no Sodatekata ♭,2
30782,Bikini Warriors,2
30885,Noragami Aragoto OVA,2
31109,Hatsukoi Monster,2
31326,High School DxD BorN: Ishibumi Ichiei Kanzen Kanshuu! Mousou Bakuyou Kaijo Original Video,2
31338,Hundred,2
31380,To LOVE-Ru Darkness 2nd OVA,2
31404,Netoge no Yome wa Onnanoko ja Nai to Omotta?,2
31414,Nijiiro Days,2
31680,Super Lovers,2
31711,To LOVE-Ru Darkness 2nd Specials,2
31715,Working!!! Lord of the Takanashi,2
31716,Rewrite,2
31737,Gakusen Toshi Asterisk 2nd Season,2
31845,Masou Gakuen HxH,2
31848,Ojisan to Marshmallow,2
31952,Kono Bijutsu-bu ni wa Mondai ga Aru!,2
31980,Okusama ga Seitokaichou! Seitokaichou to Ofuro Asobi,2
32215,High School DxD BorN: Yomigaeranai Fushichou,2
32262,Renai Boukun,2
32323,Aishen Qiaokeli-ing...,2
32485,Prison School: Mad Wax,2
32553,Nisekoi: OVA,2
32603,Okusama ga Seitokaichou!+!,2
32686,Keijo!!!!!!!!,2
32696,Fukigen na Mononokean,2
32698,Monster Musume no Iru Nichijou OVA,2
32899,Watashi ga Motete Dousunda,2
32901,Eromanga-sensei,2
32930,Fairy Tail OVA (2016),2
33036,Suki ni Naru Sono Shunkan wo. Kokuhaku Jikkou Iinkai,2
33161,Yahari Ore no Seishun Love Comedy wa Machigatteiru. Zoku OVA,2
33323,"Kamisama Hajimemashita: Kamisama, Shiawase ni Naru",2
33354,Cardcaptor Sakura: Clear Card-hen,2
33417,Super Lovers 2,2
33475,Busou Shoujo Machiavellianism,2
33487,Masamune-kun no Revenge,2
33581,Trinity Seven Movie 1: Eternity Library to Alchemic Girl,2
33654,Hitorijime My Hero,2
33731,Gabriel DropOut,2
34126,Rewrite 2nd Season,2
34209,Meiji Tokyo Renka,2
34280,Gamers!,2
34281,High School DxD Hero,2
34403,Hajimete no Gal,2
34537,Yoru wa Mijikashi Arukeyo Otome,2
34658,Nekopara OVA,2
34855,Gabriel DropOut Specials,2
34902,Tsurezure Children,2
35000,To LOVE-Ru: Multiplication - Mae kara Ushiro kara,2
35203,Isekai wa Smartphone to Tomo ni.,2
35237,Hajimete no Gal: Hajimete no Bunkasai,2
35314,"Busou Shoujo Machiavellianism: Doki! ""Goken-darake"" no Ian Ryokou",2
35338,Saenai Heroine no Sodatekata ♭: Koi to Junjou no Service-kai,2
35413,Imouto sae Ireba Ii.,2
35484,Osake wa Fuufu ni Natte kara,2
35608,Chuunibyou demo Koi ga Shitai! Movie: Take On Me,2
35712,Boku no Kanojo ga Majimesugiru Sho-bitch na Ken,2
35860,Karakai Jouzu no Takagi-san,2
35968,Wotaku ni Koi wa Muzukashii,2
36037,Senran Kagura Shinovi Master: Tokyo Youma-hen,2
36038,Net-juu no Susume,2
36043,Net-juu no Susume Special,2
36407,Kenja no Mago,2
36470,Tada-kun wa Koi wo Shinai,2
36632,Ore ga Suki nano wa Imouto dakedo Imouto ja Nai,2
36726,Yuragi-sou no Yuuna-san,2
36792,Eromanga-sensei OVA,2
36817,Sunohara-sou no Kanrinin-san,2
36847,Nanatsu no Bitoku,2
36864,Akkun to Kanojo,2
36873,Back Street Girls: Gokudolls,2
36885,Saenai Heroine no Sodatekata Fine,2
36906,Jashin-chan Dropkick,2
36943,Tachibanakan Triangle,2
36950,Yuragi-sou no Yuuna-san OVA,2
37140,Gegege no Kitarou (2018),2
37210,Isekai Maou to Shoukan Shoujo no Dorei Majutsu,2
37377,"Masamune-kun no Revenge: Uchi no Mama ni Kagitte/Tsunade Shima, Futatabi./12-Ji wo Sugita Cinderella",2
37475,Kishuku Gakkou no Juliet,2
37579,Tonari no Kyuuketsuki-san,2
37585,Yarichin☆Bitch-bu,2
37597,Dakaretai Otoko 1-i ni Odosarete Imasu.,2
37621,Karakai Jouzu no Takagi-san: Water Slide,2
37716,Beelzebub-jou no Okinimesu mama.,2
37719,High School DxD Hero: Taiikukan-ura no Holy,2
37804,Shirobako Movie,2
37823,Conception,2
37920,Ueno-san wa Bukiyou,2
37958,Fukigen na Mononokean Tsuzuki,2
37976,Zombieland Saga,2
37986,Trinity Seven Movie 2: Heavens Library to Crimson Lord,2
37992,Jingai-san no Yome,2
37999,Kaguya-sama wa Kokurasetai: Tensai-tachi no Renai Zunousen,2
38101,5-toubun no Hanayome,2
38186,Bokutachi wa Benkyou ga Dekinai,2
38397,Nande Koko ni Sensei ga!?,2
38409,Cike Wu Liuqi,2
38422,High Score Girl: Extra Stage,2
38483,Ore wo Suki nano wa Omae dake ka yo,2
38555,Otome Game no Hametsu Flag shika Nai Akuyaku Reijou ni Tensei shiteshimatta...,2
38610,Tejina-senpai,2
38778,Midara na Ao-chan wa Benkyou ga Dekinai,2
38787,Senryuu Shoujo,2
38814,Nobunaga-sensei no Osanazuma,2
38917,Tong Ling Fei,2
38992,Rikei ga Koi ni Ochita no de Shoumei shitemita.,2
38993,Karakai Jouzu no Takagi-san 2,2
39026,Dumbbell Nan Kilo Moteru?,2
39049,Jashin-chan Dropkick',2
39326,Kawaikereba Hentai demo Suki ni Natte Kuremasu ka?,2
39533,Given,2
39547,Yahari Ore no Seishun Love Comedy wa Machigatteiru. Kan,2
39570,High Score Girl II,2
39689,Nande Koko ni Sensei ga!? Nande Koko ni Sensei-tachi ga!?,2
39783,5-toubun no Hanayome ∬,2
39799,Val x Love,2
39819,Bokutachi wa Benkyou ga Dekinai: Nagisa ni Usemono Arite Senjin wa Enzen to [X] Suru,2
40004,Bokutachi wa Benkyou ga Dekinai!,2
40102,Tsuujou Kougeki ga Zentai Kougeki de Ni-kai Kougeki no Okaasan wa Suki desu ka? Namiuchigiwa no Okaasan wa Suki desu ka?,2
40174,Zombieland Saga Revenge,2
40421,Given Movie 1,2
40483,Murenase! Seton Gakuen,2
40513,Nami yo Kiitekure,2
40591,Kaguya-sama wa Kokurasetai? Tensai-tachi no Renai Zunousen,2
40623,Dokyuu Hentai HxEros,2
40646,Yes ka No ka Hanbun ka,2
40708,Monster Musume no Oishasan,2
40839,"Kanojo, Okarishimasu",2
40936,Ore wo Suki nano wa Omae dake ka yo: Oretachi no Game Set,2
41103,Koi to Yobu ni wa Kimochi Warui,2
41226,Uzaki-chan wa Asobitai!,2
41361,Eiga Daisuki Pompo-san,2
41389,Tonikaku Kawaii,2
41623,Isekai Maou to Shoukan Shoujo no Dorei Majutsu Ω,2
41812,Megami-ryou no Ryoubo-kun.,2
42282,Otome Game no Hametsu Flag shika Nai Akuyaku Reijou ni Tensei shiteshimatta... X,2
42351,Senpai ga Uzai Kouhai no Hanashi,2
42361,"Ijiranaide, Nagatoro-san",2
42571,Dogeza de Tanondemita,2
42962,Uzaki-chan wa Asobitai! Double,2
42963,"Kanojo, Okarishimasu 2nd Season",2
43007,Osananajimi ga Zettai ni Makenai Love Comedy,2
43470,Rikei ga Koi ni Ochita no de Shoumei shitemita. Heart,2
43608,Kaguya-sama wa Kokurasetai: Ultra Romantic,2
43609,Kaguya-sama wa Kokurasetai? Tensai-tachi no Renai Zunousen OVA,2
43969,Kanojo mo Kanojo,2
44516,Koroshi Ai,2
44931,Tonikaku Kawaii: SNS,2
45055,Taishou Otome Otogibanashi,2
45598,Tonikaku Kawaii: Kaisou,2
45613,Kawaii dake ja Nai Shikimori-san,2
45653,Soredemo Ayumu wa Yosetekuru,2
46431,"Yahari Ore no Seishun Love Comedy wa Machigatteiru. Kan: Dakara, Shishunki wa Owarazu ni, Seishun wa Tsuzuiteiku.",2
46471,"Tantei wa Mou, Shindeiru.",2
47158,Tomodachi no Imouto ga Ore ni dake Uzai,2
47257,Shinigami Bocchan to Kuro Maid,2
48413,Hataraku Maou-sama!!,2
48483,Mieruko-chan,2
48548,5-toubun no Hanayome Movie,2
48643,Koi wa Sekai Seifuku no Ato de,2
48675,Kakkou no Iinazuke,2
48753,Jahy-sama wa Kujikenai!,2
49053,Given: Uragawa no Sonzai,2
49470,Mamahaha no Tsurego ga Motokano datta,2
49520,Aharen-san wa Hakarenai,2
49590,Yojouhan Time Machine Blues,2
49605,Ganbare Douki-chan,2
49721,Karakai Jouzu no Takagi-san 3,2
49858,Shinigami Bocchan to Kuro Maid 2nd Season,2
49979,Akuyaku Reijou nanode Last Boss wo Kattemimashita,2
50197,"Ijiranaide, Nagatoro-san 2nd Attack",2
50220,Isekai Shoukan wa Nidome desu,2
50307,Tonikaku Kawaii 2nd Season,2
50346,Yofukashi no Uta,2
50606,Ayakashi Triangle,2
50652,Tsundere Akuyaku Reijou Liselotte to Jikkyou no Endou-kun to Kaisetsu no Kobayashi-san,2
50710,Urusei Yatsura (2022),2
51212,Futoku no Guild,2
51213,Kinsou no Vermeil: Gakeppuchi Majutsushi wa Saikyou no Yakusai to Mahou Sekai wo Tsukisusumu,2
51265,Inu ni Nattara Suki na Hito ni Hirowareta.,2
51403,Renai Flops,2
51417,Engage Kiss,2
51498,Masamune-kun no Revenge R,2
51533,Tonikaku Kawaii: Seifuku,2
51632,Isekai wa Smartphone to Tomo ni. 2,2
51705,Otonari ni Ginga,2
51815,Kubo-san wa Mob wo Yurusanai,2
51837,Saikin Yatotta Maid ga Ayashii,2
52081,Edomae Elf,2
52173,Koori Zokusei Danshi to Cool na Douryou Joshi,2
52198,Kaguya-sama wa Kokurasetai: First Kiss wa Owaranai,2
52305,Tomo-chan wa Onnanoko!,2
52480,"Tantei wa Mou, Shindeiru. Season 2",2
52578,Boku no Kokoro no Yabai Yatsu,2
52709,"Danjo no Yuujou wa Seiritsu suru? (Iya, Shinai!!)",2
52865,Romantic Killer,2
52934,"Konyaku Haki sareta Reijou wo Hirotta Ore ga, Ikenai Koto wo Oshiekomu",2
52973,Megami no Café Terrace,2
53040,Kanojo mo Kanojo Season 2,2
53050,"Kanojo, Okarishimasu 3rd Season",2
53200,Hataraku Maou-sama!! 2nd Season,2
53379,Uchi no Kaisha no Chiisai Senpai no Hanashi,2
53421,Dosanko Gal wa Namara Menkoi,2
53621,Jijou wo Shiranai Tenkousei ga Guigui Kuru.,2
53632,Yumemiru Danshi wa Genjitsushugisha,2
53802,2.5-jigen no Ririsa,2
53912,Seiyuu Radio no Uraomote,2
54234,Suki na Ko ga Megane wo Wasureta,2
54259,Rokudou no Onna-tachi,2
54275,Temple,2
54714,Kimi no Koto ga Daidaidaidaidaisuki na 100-nin no Kanojo,2
54722,Mahou Shoujo ni Akogarete,2
54726,"Tsuma, Shougakusei ni Naru.",2
54744,Tokidoki Bosotto Russia-go de Dereru Tonari no Alya-san,2
54791,Given Movie 2: Hiiragi Mix,2
54829,Urusei Yatsura (2022) 2nd Season,2
54915,5-toubun no Hanayome∽,2
54968,Giji Harem,2
55071,Amagami-san Chi no Enmusubi,2
55129,Oroka na Tenshi wa Akuma to Odoru,2
55150,Yarinaoshi Reijou wa Ryuutei Heika wo Kouryakuchuu,2
55358,Bucchigiri?!,2
55651,Tonikaku Kawaii: Joshikou-hen,2
55690,Boku no Kokoro no Yabai Yatsu 2nd Season,2
55749,Megami no Café Terrace 2nd Season,2
55842,Okinawa de Suki ni Natta Ko ga Hougen Sugite Tsurasugiru,2
55877,Henjin no Salad Bowl,2
55973,30-sai made Doutei dato Mahoutsukai ni Nareru Rashii,2
55996,Koi wa Futago de Warikirenai,2
55998,Momochi-san Chi no Ayakashi Ouji,2
56228,Rekishi ni Nokoru Akujo ni Naru zo,2
56230,Jiisan Baasan Wakagaeru,2
56425,Houkago Shounen Hanako-kun,2
56693,Watari-kun no xx ga Houkai Sunzen,2
56738,Shinigami Bocchan to Kuro Maid 3rd Season,2
56838,"One Room, Hiatari Futsuu, Tenshi-tsuki.",2
56843,Goukon ni Ittara Onna ga Inakatta Hanashi,2
57031,Vampire Dormitory,2
57217,Katsute Mahou Shoujo to Aku wa Tekitai shiteita.,2
57524,Make Heroine ga Oosugiru!,2
57611,Kimi wa Meido-sama.,2
57616,Kimi no Koto ga Daidaidaidaidaisuki na 100-nin no Kanojo 2nd Season,2
57845,Elf-san wa Yaserarenai.,2
57947,Mayonaka Punch,2
57969,Nukitashi the Animation,2
58082,NEET Kunoichi to Nazeka Dousei Hajimemashita,2
58131,Shiunji-ke no Kodomotachi,2
58272,Boku no Tsuma wa Kanjou ga Nai,2
58390,Yofukashi no Uta Season 2,2
58833,Kakushite! Makina-san!!,2
58853,Kuroiwa Medaka ni Watashi no Kawaii ga Tsuujinai,2
59047,Tamon-kun Ima Docchi!?,2
59135,Class no Daikirai na Joshi to Kekkon suru Koto ni Natta.,2
59145,Ranma ½ (2024),2
59207,"Mikadono Sanshimai wa Angai, Choroi.",2
59277,"Kanojo, Okarishimasu 4th Season",2
59361,Kono Kaisha ni Suki na Hito ga Imasu,2
59402,Kakkou no Iinazuke Season 2,2
59457,"Haite Kudasai, Takamine-san",2
59466,Aharen-san wa Hakarenai Season 2,2
59517,Chitose-kun wa Ramune Bin no Naka,2
59846,Saigo ni Hitotsu dake Onegai shitemo Yoroshii deshou ka,2
59873,Tokidoki Bosotto Russia-go de Dereru Tonari no Alya-san Season 2,2
59935,Gorilla no Kami kara Kago sareta Reijou wa Ouritsu Kishidan de Kawaigarareru,2
60028,Himekishi wa Barbaroi no Yome,2
60254,Yano-kun no Futsuu no Hibi,2
60371,Seihantai na Kimi to Boku,2
60531,Bukiyou na Senpai.,2
60564,Ranma ½ (2024) 2nd Season,2
61209,Kao ni Denai Kashiwada-san to Kao ni Deru Oota-kun,2
61211,Mayonaka Heart Tune,2
61501,Kanan-sama wa Akumade Choroi,2
61839,Aishiteru Game wo Owarasetai,2
61903,Kaguya-sama wa Kokurasetai: Otona e no Kaidan,2
61983,"Yuusha Party ni Kawaii Ko ga Ita node, Kokuhaku shitemita.",2
62405,Fujimoto Tatsuki 17-26,2
62604,Otaku ni Yasashii Gal wa Inai!?,2
44,Rurouni Kenshin: Meiji Kenkaku Romantan - Tsuioku-hen,3
62,D.C.: Da Capo,3
67,Basilisk: Kouga Ninpou Chou,3
81,Kidou Senshi Gundam: Dai 08 MS Shoutai,3
84,Kidou Senshi Gundam 0083: Stardust Memory,3
85,Kidou Senshi Zeta Gundam,3
93,Kidou Senshi Gundam SEED,3
94,Kidou Senshi Gundam SEED Destiny,3
95,Turn A Gundam,3
96,Kidou Butouden G Gundam,3
100,Shin Shirayuki-hime Densetsu Prétear,3
101,Air,3
104,Ayashi no Ceres,3
106,Hana yori Dango,3
120,Fruits Basket,3
143,Kannazuki no Miko,3
144,Kanon,3
147,Kimi ga Nozomu Eien,3
158,Maria-sama ga Miteru,3
177,Tsubasa Chronicle,3
195,Onegai☆Teacher,3
237,Koukyoushihen Eureka Seven,3
256,Hoshi no Koe,3
322,Paradise Kiss,3
325,Peach Girl,3
329,Planetes,3
338,Versailles no Bara,3
345,Eikoku Koi Monogatari Emma,3
355,Shakugan no Shana,3
390,Suzuka,3
401,Rurouni Kenshin: Meiji Kenkaku Romantan - Seisou-hen,3
431,Howl no Ugoku Shiro,3
433,"Kumo no Mukou, Yakusoku no Basho",3
441,Shoujo Kakumei Utena: Adolescence Mokushiroku,3
474,Macross Plus,3
476,Ginban Kaleidoscope,3
478,Sousei no Aquarion,3
514,Cossette no Shouzou,3
522,Metropolis,3
529,Saishuu Heiki Kanojo,3
531,Bishoujo Senshi Sailor Moon R: The Movie,3
543,Vampire Hunter D (2000),3
585,Mimi wo Sumaseba,3
587,Hanbun no Tsuki ga Noboru Sora,3
634,Koi Kaze,3
687,Tokyo Mew Mew,3
713,Air Movie,3
721,Princess Tutu,3
743,Umi ga Kikoeru,3
795,Oniisama e...,3
855,Strawberry Panic,3
877,Nana,3
885,Tenshi no Tamago,3
969,Tsubasa Chronicle 2nd Season,3
997,Bishoujo Senshi Sailor Moon S: Kaguya-hime no Koibito,3
1029,Omoide Poroporo,3
1033,Sennen Joyuu,3
1088,Macross,3
1089,Macross: Do You Remember Love?,3
1140,Giniro no Kami no Agito,3
1142,Hachimitsu to Clover II,3
1222,Bokura ga Ita,3
1530,Kanon (2006),3
1589,Bartender,3
1689,Byousoku 5 Centimeter,3
1699,Romeo x Juliet,3
1723,Clannad Movie,3
1965,Sola,3
2129,True Tears,3
2167,Clannad,3
2236,Toki wo Kakeru Shoujo,3
2402,Ashita no Joe,3
2476,School Days,3
2685,Tsubasa: Tokyo Revelations,3
2787,Shakugan no Shana II (Second),3
2795,Dragonaut: The Resonance,3
2921,Ashita no Joe 2,3
2924,ef: A Tale of Memories.,3
2926,Myself; Yourself,3
2927,KimiKiss Pure Rouge,3
2966,Ookami to Koushinryou,3
3299,H2O: Footprints in the Sand,3
3457,Vampire Knight,3
3572,Macross F,3
4059,"Clannad: Mou Hitotsu no Sekai, Tomoyo-hen",3
4181,Clannad: After Story,3
4224,Toradora!,3
4282,Kara no Kyoukai Movie 5: Mujun Rasen,3
4720,White Album,3
4752,Vampire Knight Guilty,3
4789,ef: A Tale of Melodies.,3
4938,Tsubasa: Shunraiki,3
5341,Ookami to Koushinryou II,3
5420,Kemono no Souja Erin,3
5678,Kobato.,3
5835,Hanasakeru Seishounen,3
5941,Cross Game,3
5984,Ristorante Paradiso,3
6045,Kimi ni Todoke,3
6164,Aoi Hana,3
6165,White Album 2nd Season,3
6351,"Clannad: After Story - Mou Hitotsu no Sekai, Kyou-hen",3
6408,"""Bungaku Shoujo"" Movie",3
6547,Angel Beats!,3
6572,Shakugan no Shana S,3
6773,Shakugan no Shana III (Final),3
7661,Giant Killing,3
8425,Gosick,3
8426,Hourou Musuko,3
8861,Yosuga no Sora,3
8934,Star Driver: Kagayaki no Takuto,3
9000,Toaru Hikuushi e no Tsuioku,3
9367,Freezing,3
9656,Kimi ni Todoke 2nd Season,3
9989,Ano Hi Mita Hana no Namae wo Bokutachi wa Mada Shiranai.,3
10029,Coquelicot-zaka kara,3
10397,Mashiro-iro Symphony: The Color of Lovers,3
10408,Hotarubi no Mori e,3
10447,Aquarion Evol,3
10800,Chihayafuru,3
11433,Ano Natsu de Matteru,3
11887,Kokoro Connect,3
12175,Koi to Senkyo to Chocolate,3
12531,Sakamichi no Apollon,3
13585,Natsuyuki Rendezvous,3
13759,Sakura-sou no Pet na Kanojo,3
14289,Suki tte Ii na yo.,3
14293,Nerawareta Gakuen,3
14397,Chihayafuru 2,3
14669,Aura: Maryuuin Kouga Saigo no Tatakai,3
15039,Ano Hi Mita Hana no Namae wo Bokutachi wa Mada Shiranai. Movie,3
15085,Amnesia,3
16001,Kokoro Connect: Michi Random,3
16067,Nagi no Asu kara,3
16201,Aku no Hana,3
16528,Hal,3
16662,Kaze Tachinu,3
16782,Kotonoha no Niwa,3
17513,Diabolik Lovers,3
17641,Date A Live: Date to Date,3
17729,Grisaia no Kajitsu,3
17741,Kimi no Iru Machi,3
17895,Golden Time,3
18001,Freezing Vibration,3
18245,White Album 2,3
19117,Toaru Hikuushi e no Koiuta,3
21563,Kamigami no Asobi,3
21647,Tamako Love Story,3
21677,Captain Earth,3
21845,Ushinawareta Mirai wo Motomete,3
23209,Sora no Method,3
23273,Shigatsu wa Kimi no Uso,3
23447,"Ano Natsu de Matteru: Bokutachi wa Koukou Saigo no Natsu wo Sugoshinagara, Ano Natsu de Matteiru.",3
25839,Bonjour♪Koiaji Pâtisserie,3
26165,Yuri Kuma Arashi,3
27775,Plastic Memories,3
28013,Macross Δ,3
28725,Kokoro ga Sakebitagatterunda.,3
29095,Grisaia no Rakuen,3
29974,"Diabolik Lovers More,Blood",3
30015,ReLIFE,3
30123,Akagami no Shirayuki-hime,3
30383,Classroom☆Crisis,3
30415,High☆Speed! Movie: Free! Starting Days,3
30895,HaruChika: Haruta to Chika wa Seishun suru,3
31173,Akagami no Shirayuki-hime 2nd Season,3
31456,Code:Realize - Sousei no Himegimi,3
31483,"Akagami no Shirayuki-hime: Nandemonai Takaramono, Kono Page",3
31798,Kiznaiver,3
32729,Orange,3
32902,Mahoutsukai no Yome: Hoshi Matsu Hito,3
32947,Battery,3
32949,Kuzu no Honkai,3
33012,Island,3
33203,Fukumenkei Noise,3
33299,Magic-Kyun! Renaissance,3
33502,Shuumatsu Nani Shitemasu ka? Isogashii desu ka? Sukutte Moratte Ii desu ka?,3
33674,No Game No Life: Zero,3
33743,Fuuka,3
34076,Uchouten Kazoku 2,3
34136,Orange: Mirai,3
34279,Grancrest Senki,3
34338,Lost Song,3
34382,Citrus,3
34383,Netsuzou TRap,3
34498,"Uchiage Hanabi, Shita kara Miru ka? Yoko kara Miru ka?",3
34543,Dive!!,3
34934,Koi to Uso,3
34984,Koi wa Ameagari no You ni,3
35062,Mahoutsukai no Yome,3
35466,ReLIFE: Kanketsu-hen,3
35639,Just Because!,3
35849,Darling in the FranXX,3
35851,Sayonara no Asa ni Yakusoku no Hana wo Kazarou,3
36098,Kimi no Suizou wo Tabetai,3
36220,Itsudatte Bokura no Koi wa 10 cm Datta.,3
36516,Beatless,3
36754,Kakuriyo no Yadomeshi,3
36884,Hisone to Maso-tan,3
37379,Chihayafuru 3,3
37396,Shikioriori,3
37450,Seishun Buta Yarou wa Bunny Girl Senpai no Yume wo Minai,3
37497,Irozuku Sekai no Ashita kara,3
37786,Yagate Kimi ni Naru,3
37965,Kaze ga Tsuyoku Fuiteiru,3
37972,Hoshiai no Sora,3
37982,Domestic na Kanojo,3
38329,Seishun Buta Yarou wa Yumemiru Shoujo no Yume wo Minai,3
38594,"Kimi to, Nami ni Noretara",3
38680,Fruits Basket 1st Season,3
38753,Araburu Kisetsu no Otome-domo yo.,3
38816,Hello World,3
38826,Tenki no Ko,3
39545,Fragtime,3
39569,Sora no Aosa wo Shiru Hito yo,3
39710,Yesterday wo Utatte,3
39753,"Omoi, Omoware, Furi, Furare",3
40075,Koi to Producer: EVOLxLOVE,3
40417,Fruits Basket 2nd Season,3
40530,Jaku-Chara Tomozaki-kun,3
40679,2.43: Seiin Koukou Danshi Volley-bu,3
40787,Josee to Tora to Sakana-tachi,3
40904,Bokutachi no Remake,3
40938,Hige wo Soru. Soshite Joshikousei wo Hirou.,3
41168,Nakitai Watashi wa Neko wo Kaburu,3
41379,Kimi wa Kanata,3
42826,Seijo no Maryoku wa Bannou desu,3
42938,Fruits Basket: The Final,3
44037,"Shin no Nakama ja Nai to Yuusha no Party wo Oidasareta node, Henkyou de Slow Life suru Koto ni Shimashita",3
45604,Jaku-Chara Tomozaki-kun Specials,3
46422,Niehime to Kemono no Ou,3
47790,"Sekai Saikou no Ansatsusha, Isekai Kizoku ni Tensei suru",3
48171,Summer Ghost,3
48438,Mahoutsukai no Yome: Nishi no Shounen to Seiran no Kishi,3
49310,Fruits Basket: Prelude,3
49738,Heike Monogatari,3
49834,Boku ga Aishita Subete no Kimi e,3
49835,Kimi wo Aishita Hitori no Boku e,3
49980,Sugar Apple Fairy Tale,3
50461,Otome Game Sekai wa Mob ni Kibishii Sekai desu,3
50593,"Natsu e no Tunnel, Sayonara no Deguchi",3
50694,Summer Pockets,3
50803,Jaku-Chara Tomozaki-kun 2nd Stage,3
50923,Mushikaburi-hime,3
51122,Ookami to Koushinryou: Merchant Meets the Wise Wolf,3
51215,Seijo no Maryoku wa Bannou desu Season 2,3
51552,Watashi no Shiawase na Kekkon,3
52082,Shiro Seijo to Kuro Bokushi,3
52308,Kanojo ga Koushaku-tei ni Itta Riyuu,3
52955,Mahoutsukai no Yome Season 2,3
53128,Atri: My Dear Moments,3
53129,Seishun Buta Yarou wa Odekake Sister no Yume wo Minai,3
53407,Bartender: Kami no Glass,3
53438,Higeki no Genkyou to Naru Saikyou Gedou Last Boss Joou wa Tami no Tame ni Tsukushimasu.,3
53488,"Shin no Nakama ja Nai to Yuusha no Party wo Oidasareta node, Henkyou de Slow Life suru Koto ni Shimashita 2nd",3
54000,Otome Game Sekai wa Mob ni Kibishii Sekai desu 2,3
54233,Sasayaku You ni Koi wo Utau,3
54632,Gekai Elise,3
54842,Sugar Apple Fairy Tale Part 2,3
54846,Aishang Ta de Liyou,3
54855,Senpai wa Otokonoko,3
54870,Seishun Buta Yarou wa Randoseru Girl no Yume wo Minai,3
55318,Medalist,3
55742,Mahoutsukai no Yome Season 2 Part 2,3
55889,Watashi no Shiawase na Kekkon: Watashi no Shiawase na Katachi,3
56146,Good Night World,3
56538,Kimi ni Todoke 3rd Season,3
56701,Watashi no Shiawase na Kekkon 2nd Season,3
56732,"Sekai Saikou no Ansatsusha, Isekai Kizoku ni Tensei suru Season 2",3
56980,Karasu wa Aruji wo Erabanai,3
57181,Ao no Hako,3
57362,Hoshifuru Oukoku no Nina,3
57433,Seishun Buta Yarou wa Santa Claus no Yume wo Minai,3
58919,Hyakuemu.,3
59421,Zutaboro Reijou wa Ane no Moto Konyakusha ni Dekiai sareru,3
59636,Uma Musume: Cinderella Gray,3
59845,Kaoru Hana wa Rin to Saku,3
60083,Kowloon Generic Romance,3
60157,Kanpekisugite Kawaige ga Nai to Konyaku Haki sareta Seijo wa Ringoku ni Urareru,3
60162,Akujiki Reijou to Kyouketsu Koushaku,3
60168,"Watashi wo Tabetai, Hitodenashi",3
60395,Toumei Otoko to Ningen Onna: Sonouchi Fuufu ni Naru Futari,3
60852,Koori no Jouheki,3
61323,Ao no Hako Season 2,3
61443,Shunkashuutou Daikousha: Haru no Mai,3
61917,Towa no Yuugure,3
61930,Uma Musume: Cinderella Gray Part 2,3
63019,Prism Rondo,3
24629,Koufuku Graffiti,4
31376,Flying Witch,4
31537,Manaria Friends,4
32828,Amaama to Inazuma,4
34012,Isekai Shokudou,4
34525,Centaur no Nayami,4
35241,Konohana Kitan,4
36094,Hakumei to Mikochi,4
37033,Emiya-san Chi no Kyou no Gohan,4
38062,Endro~!,4
39324,"Uchi no Ko no Tame naraba, Ore wa Moshikashitara Maou mo Taoseru kamo Shirenai.",4
39730,Houkago Teibou Nisshi,4
41312,Kami-tachi ni Hirowareta Otoko,4
45425,Slow Loop,4
48804,Isekai Shokudou 2,4
51462,Isekai Nonbiri Nouka,4
52736,Tensei Oujo to Tensai Reijou no Mahou Kakumei,4
54617,Kyuujitsu no Warumono-san,4
56449,Madougushi Dahliya wa Utsumukanai,4
62146,Isekai Nonbiri Nouka 2,4
5030,Maria†Holic,5
6203,Sasameki Koto,5
9712,Maria†Holic Alive,5
10495,Yuru Yuri,5
12403,Yuru Yuri♪♪,5
20047,Sakura Trick,5
22123,Inugami-san to Nekoyama-san,5
23225,Yuru Yuri Nachuyachumi!,5
30279,Yuru Yuri San☆Hai!,5
30902,Yuru Yuri Nachuyachumi!+,5
37722,Uchi no Maid ga Uzasugiru!,5
51817,Watashi no Yuri wa Oshigoto desu!,5
60326,"Watashi ga Koibito ni Nareru Wake Nai jan, Muri Muri! (※Muri ja Nakatta!?)",5
2986,Bamboo Blade,6
11697,Area no Kishi,6
15125,Teekyuu,6
15487,Kuroko no Basket NG-shuu,6
19671,Free!: FrFr - Short Movie,6
22125,Kuroko no Basket: Mou Ikkai Yarimasen ka,6
22673,Kuroko no Basket 2nd Season NG-shuu,6
32871,Kuroko no Basket Movie 3: Winter Cup - Tobira no Mukou,6
34825,Keppeki Danshi! Aoyama-kun,6
42395,Shakunetsu Kabaddi,6
56165,Boukyaku Battery (TV),6
28171,Shokugeki no Souma,7
31327,Shokugeki no Souma OVA,7
32282,Shokugeki no Souma: Ni no Sara,7
34480,Shokugeki no Souma: Ni no Sara OVA,7
35788,Shokugeki no Souma: San no Sara,7
36949,Shokugeki no Souma: San no Sara - Tootsuki Ressha-hen,7
39940,Shokugeki no Souma: Shin no Sara,7
40902,Shokugeki no Souma: Gou no Sara,7
28391,Ao no Kanata no Four Rhythm,8
36563,Megalo Box,8
40729,Nomad: Megalo Box 2,8
49969,Tribe Nine,8
1639,Boku no Pico,9
4866,Pico x CoCo x Chico,9
5391,Pico to Chico,9
34213,Getsuyoubi no Tawawa,10
49854,Getsuyoubi no Tawawa 2,10
37281,Joshiochi! 2-kai kara Onnanoko ga... Futtekita!?,11
39337,Araiya-san!: Ore to Aitsu ga Onnayu de!?,11
15,Eyeshield 21,12
22,Tennis no Oujisama,13
46,Rurouni Kenshin: Meiji Kenkaku Romantan - Ishinshishi e no Chinkonka,14
54,Appleseed (Movie),15
57,Beck,16
66,Azumanga Daiou The Animation,17
71,Full Metal Panic!,18
74,Gakuen Alice,19
114,Sakigake!! Cromartie Koukou,20
161,Peace Maker Kurogane,21
166,Samurai 7,22
170,Slam Dunk,23
240,Genshiken,24
245,Great Teacher Onizuka,25
253,Jungle wa Itsumo Hare nochi Guu,26
263,Hajime no Ippo,27
264,Hajime no Ippo: Champion Road,28
265,Hajime no Ippo: Mashiba vs. Kimura,29
283,Akage no Anne,30
287,Grappler Baki (TV),31
350,Ojamajo Doremi,32
368,Bible Black,33
488,Ichigo Mashimaro,34
490,Paniponi Dash!,35
521,Mermaid Melody Pichi Pichi Pitch,36
530,Bishoujo Senshi Sailor Moon,37
532,Bishoujo Senshi Sailor Moon S,38
551,Grappler Baki: Saidai Tournament-hen,39
558,Major S2,40
578,Hotaru no Haka,41
627,Major S1,42
658,Touhai Densetsu Akagi: Yami ni Maiorita Tensai,43
740,Bishoujo Senshi Sailor Moon R,44
889,Black Lagoon,45
907,Princess Princess,46
1004,Kanojo to Kanojo no Neko,47
1015,Full Metal Panic! The Second Raid: Wari to Hima na Sentaichou no Ichinichi,48
1030,Heisei Tanuki Gassen Ponpoko,49
1074,Naruto Narutimate Hero 3: Tsuini Gekitotsu! Jounin vs. Genin!! Musabetsu Dairansen Taikai Kaisai!!,50
1095,Kidou Keisatsu Patlabor the Movie,51
1239,Bishoujo Senshi Sailor Moon SuperS,52
1361,Final Fantasy: The Spirits Within,53
1519,Black Lagoon: The Second Barrage,54
1562,Yamato Nadeshiko Shichihenge♥,55
1579,Kiniro no Corda: Primo Passo,56
1614,Captain Tsubasa: Road to 2002,57
1813,Genshiken OVA,58
1842,Major S3,59
1852,Hidamari Sketch,60
1887,Lucky☆Star,61
1953,Code Geass: Hangyaku no Lelouch Picture Drama,62
2002,Heroic Age,63
2116,Captain Tsubasa,64
2159,Ookiku Furikabutte,65
2248,Naruto: Dai Katsugeki!! Yuki Hime Ninpouchou Dattebayo! - Konoha no Sato no Dai Undoukai,66
2508,Genshiken 2,67
2594,Piano no Mori,68
2605,Sayonara Zetsubou Sensei,69
2608,Wangan Midnight,70
2899,Higurashi no Naku Koro ni Special: Nekogoroshi-hen,71
2923,Shugo Chara!,72
2963,Minami-ke,73
3002,Gyakkyou Burai Kaiji: Ultimate Survivor,74
3225,Minami-ke Okawari,75
3226,Major S4,76
3228,Zoku Sayonara Zetsubou Sensei,77
3702,Detroit Metal City,78
3841,Chi's Sweet Home,79
3972,Yu☆Gi☆Oh! 5D's,80
4037,Cowboy Bebop: Yose Atsume Blues,81
4107,Tengen Toppa Gurren Lagann Movie 1: Gurren-hen,82
4134,"Naruto: Shippuuden - Shippuu! ""Konoha Gakuen"" Den",83
4182,Darker than Black: Kuro no Keiyakusha - Sakura no Hana no Mankai no Shita,84
4472,Lucky☆Star: Original na Visual to Animation,85
4535,Candy Boy: Nonchalant Talk of the Certain Twin Sisters in Daily Life,86
4565,Tengen Toppa Gurren Lagann Movie 2: Lagann-hen,87
4872,Goku Sayonara Zetsubou Sensei,88
4901,Black Lagoon: Roberta's Blood Trail,89
5028,Major S5,90
5040,One Outs,91
5060,Hetalia Axis Powers,92
5118,Suzumiya Haruhi-chan no Yuuutsu,93
5162,Minami-ke Okaeri,94
5231,Inazuma Eleven,95
5258,Hajime no Ippo: New Challenger,96
5262,Shugo Chara!! Doki,97
5671,Saki,98
5680,K-On!,99
5909,Seitokai no Ichizon,100
5955,Toaru Majutsu no Index-tan,101
6064,Higurashi no Naku Koro ni Kai Specials,102
6288,Kidou Senshi Gundam 00 Movie: A Wakening of the Trailblazer,103
6377,Zan Sayonara Zetsubou Sensei,104
6574,Hanamaru Youchien,105
6586,Yume-iro Pâtissière,106
6768,Code Geass: Hangyaku no Lelouch R2 Special Edition - Zero Requiem,107
6772,Break Blade Movie 1: Kakusei no Toki,108
6793,"Kuroshitsuji: Sono Shitsuji, Kougyou",109
6862,K-On!: Live House!,110
6884,Ookami to Koushinryou II: Holo no Short Anime,111
6893,Oni Chichi,112
6951,Yu☆Gi☆Oh! Movie: Chou Yuugou! Toki wo Koeta Kizuna,113
6954,Kara no Kyoukai Movie 8: Shuushou,114
6987,Aki-Sora,115
7017,K-On!: Ura-On!,116
7082,Shugo Chara! Party!,117
7337,"Hetalia Axis Powers Movie: Paint it, White",118
7411,Kanojo x Kanojo x Kanojo: Sanshimai to no Dokidoki Kyoudou Seikatsu,119
7588,Saraiya Goyou,120
7627,Mitsudomoe,121
7655,Major S6,122
7748,Sono Hanabira ni Kuchizuke wo: Anata to Koibito Tsunagi,123
7870,Baka to Test to Shoukanjuu Specials,124
8063,Sekaiichi Hatsukoi OVA,125
8129,Kuragehime,126
8440,Black Lagoon Omake,127
8479,Hetalia World Series,128
8514,Break Blade Movie 2: Ketsubetsu no Michi,129
8557,Shinryaku! Ika Musume,130
8577,Aki-Sora: Yume no Naka,131
8675,Seitokai Yakuindomo,132
8676,Amagami SS,133
8726,Soredemo Machi wa Mawatteiru,134
8768,Hiyokoi,135
8769,Ore no Imouto ga Konnani Kawaii Wake ga Nai,136
8857,Nichijou: Nichijou no 0-wa,137
8888,Code Geass: Boukoku no Akito 1 - Yokuryuu wa Maiorita,138
9117,Amagami SS OVA,139
9252,Break Blade Movie 3: Kyoujin no Ato,140
9289,Hanasaku Iroha,141
9366,Kaichou wa Maid-sama!: Omake da yo!,142
9465,Break Blade Movie 4: Sanka no Chi,143
9471,Baka to Test to Shoukanjuu: Matsuri,144
9539,Cardfight!! Vanguard,145
9724,Break Blade Movie 5: Shisen no Hate,146
9734,K-On!!: Keikaku!,147
9776,A-Channel,148
9863,SKET Dance,149
9926,Sekaiichi Hatsukoi,150
9938,Ikoku Meiro no Croisée The Animation,151
10067,Angel Beats! Another Epilogue,152
10092,Break Blade Movie 6: Doukoku no Toride,153
10119,Seitokai Yakuindomo OVA,154
10152,Kimi ni Todoke: Kataomoi,155
10162,Usagi Drop,156
10165,Nichijou,157
10232,Tamayura: Hitotose,158
10271,Gyakkyou Burai Kaiji: Hakairoku-hen,159
10298,Kaichou wa Maid-sama!: Goshujinsama to Asonjao♥,160
10378,Shinryaku!? Ika Musume,161
10460,Kimi to Boku.,162
10464,Seitokai no Ichizon Lv.2,163
10507,Inazuma Eleven Go,164
10647,Ao no Exorcist: Ura Ex,165
10711,Plastic Neesan,166
10779,Eroge! H mo Game mo Kaihatsu Zanmai,167
10937,Kidou Senshi Gundam: The Origin,168
11079,Kill Me Baby,169
11113,Usagi Drop Specials,170
11123,Sekaiichi Hatsukoi 2,171
11235,Amagami SS+ Plus,172
11266,Ao no Exorcist: Kuro no Iede,173
11371,Shin Tennis no Oujisama,174
11491,Recorder to Randoseru Do♪,175
11703,Code:Breaker,176
11739,Kimi to Boku. 2,177
11771,Kuroko no Basket,178
11843,Danshi Koukousei no Nichijou,179
12031,Kingdom,180
12069,Hajime no Ippo: Boxer no Kobushi,181
12149,AKB0048,182
12191,Smile Precure!,183
12431,Uchuu Kyoudai,184
12467,Nazo no Kanojo X,185
12679,Joshiraku,186
12695,Tight-rope,187
12815,Shirokuma Cafe,188
12893,Danshi Koukousei no Nichijou Specials,189
13261,Inazuma Eleven Go: Chrono Stone,190
13333,Tari Tari,191
13391,Rakuen Tsuihou,192
13807,Corpse Party: Missing Footage,193
14131,Girls & Panzer,194
14175,Hanasaku Iroha Movie: Home Sweet Home,195
14511,Minami-ke Tadaima,196
14751,Bishoujo Senshi Sailor Moon Crystal,197
14753,Hori-san to Miyamura-kun,198
14811,GJ-bu,199
15051,Love Live! School Idol Project,200
15195,Hetalia: The Beautiful World,201
15605,Brothers Conflict,202
15687,Chuunibyou demo Koi ga Shitai! Lite,203
15771,Saint☆Oniisan (Movie),204
15775,Saint☆Oniisan,205
15863,Ginga Kikoutai Majestic Prince,206
15911,Yuyushiki,207
16005,Zettai Karen Children: The Unlimited - Hyoubu Kyousuke,208
16099,Sword Art Online: Sword Art Offline,209
16417,Tamako Market,210
16668,Kakumeiki Valvrave,211
16732,Kiniro Mosaic,212
16742,Watashi ga Motenai no wa Dou Kangaetemo Omaera ga Warui!,213
16868,Suki tte Ii na yo. Dareka ga,214
16894,Kuroko no Basket 2nd Season,215
16904,K: Missing Kings,216
16916,Kuroko no Basket: Tip Off,217
16918,Gin no Saji,218
17082,Aiura,219
17121,Dareka no Manazashi,220
17259,Kuroko no Basket: Oshaberi Shiyokka,221
17389,Kingdom 2nd Season,222
17409,Suki tte Ii na yo.: Mei and Marshmallow,223
17535,Fairy Tail Movie 1: Houou no Miko - Hajimari no Asa,224
17549,Non Non Biyori,225
17821,Stella Jogakuin Koutou-ka C³-bu,226
17827,Daitoshokan no Hitsujikai,227
18097,Inazuma Eleven Go: Galaxy,228
18119,Servant x Service,229
18139,Tonari no Seki-kun,230
18179,Yowamushi Pedal,231
18295,Kakumeiki Valvrave 2nd Season,232
18465,Genshiken Nidaime,233
18495,Kitaku-bu Katsudou Kiroku,234
18507,Free!,235
18619,Girls & Panzer: Kore ga Hontou no Anzio-sen desu!,236
18689,Diamond no Ace,237
19023,"Wake Up, Girls!",238
19319,Gundam Build Fighters,239
19363,Gin no Saji 2nd Season,240
19391,Shingeki no Kyojin Picture Drama,241
19647,Hajime no Ippo: Rising,242
19669,Kuroko no Basket: Baka ja Katenai no yo!,243
19775,Sidonia no Kishi,244
20031,D-Frag!,245
20033,Miss Monochrome The Animation,246
20053,Wizard Barristers: Benmashi Cecil,247
20449,"Watashi ga Motenai no wa Dou Kangaetemo Omaera ga Warui!: Motenaishi, Nazomeite Miru",248
20555,SoniAni: Super Sonico The Animation,249
20583,Haikyuu!!,250
20745,Love Live! School Idol Project OVA,251
20847,Seitokai Yakuindomo*,252
20903,Harmonie,253
20931,Oneechan ga Kita,254
21167,Escha & Logy no Atelier: Tasogare no Sora no Renkinjutsushi,255
21177,Nobunaga the Fool,256
21185,Baby Steps,257
21273,Gochuumon wa Usagi desu ka?,258
21327,Isshuukan Friends.,259
21405,Bokura wa Minna Kawai-sou,260
21437,Buddy Complex,261
21667,Non Non Biyori: Okinawa e Ikukoto ni Natta,262
21681,Hanayamata,263
21797,Chuunibyou demo Koi ga Shitai! Ren Lite,264
21879,Sword Art Online: Sword Art Offline - Extra Edition,265
21995,Ao Haru Ride,266
22265,Free! Eternal Summer,267
22273,Selector Infected WIXOSS,268
22429,Itadaki! Seieki♥,269
22433,Break Blade,270
22729,Aldnoah.Zero,271
22789,Barakamon,272
22839,Cross Road,273
22961,Date A Live II: Kurumi Star Festival,274
23121,Jinsei,275
23237,Chuunibyou demo Koi ga Shitai! Ren Specials,276
23269,Hello!! Kiniro Mosaic,277
23279,Gyakusatsu Kikan,278
23383,D-Frag!*,279
23623,Non Non Biyori Repeat,280
24011,Lance N' Masques,281
24031,Denki-gai no Honya-san,282
24037,Selector Spread WIXOSS,283
24151,Ao Haru Ride OVA,284
24277,Yowamushi Pedal: Grande Road,285
24415,Kuroko no Basket 3rd Season,286
24893,Sidonia no Kishi: Daikyuu Wakusei Seneki,287
24913,Bokura wa Minna Kawai-sou: Hajimete no,288
25159,Inou-Battle wa Nichijou-kei no Naka de,289
25241,AkaKill! Gekijou,290
25303,Haikyuu!! Lev Genzan!,291
25519,Yuuki Yuuna wa Yuusha de Aru,292
25781,Shingeki no Kyojin: Kuinaki Sentaku,293
26123,Seitokai Yakuindomo* OVA,294
26213,Free! Eternal Summer: Kindan no All Hard!,295
27655,Aldnoah.Zero Part 2,296
27663,Baby Steps 2nd Season,297
27829,Heavy Object,298
27989,Hibike! Euphonium,299
27991,K: Return of Kings,300
28063,Sword Art Online II: Sword Art Offline II,301
28211,Harmony,302
28387,Joukamachi no Dandelion,303
28625,Shisha no Teikoku,304
28735,Shouwa Genroku Rakugo Shinjuu,305
28771,Yu☆Gi☆Oh! The Dark Side of Dimensions,306
28805,Bakemono no Ko,307
28825,Himouto! Umaru-chan,308
28891,Haikyuu!! Second Season,309
28999,Charlotte,310
29093,Grisaia no Meikyuu: Caprice no Mayu 0,311
29101,Grisaia no Kajitsu Specials,312
29163,Sore ga Seiyuu!,313
29575,Mankitsu Happening,314
29755,Haikyuu!! Movie 1: Owari to Hajimari,315
29787,Gochuumon wa Usagi desu ka??,316
30127,Danchigai,317
30205,Aoharu x Kikanjuu,318
30230,Diamond no Ace: Second Season,319
30346,Doukyuusei,320
30364,Haikyuu!! Movie 2: Shousha to Haisha,321
30740,Young Black Jack,322
30795,Bakuon!!,323
30991,Himouto! Umaru-chan OVA,324
31051,Kuroko no Basket: Saikou no Present desu,325
31091,Komori-san wa Kotowarenai!,326
31174,Osomatsu-san,327
31234,Himouto! Umaru-chanS,328
31245,Zutto Mae kara Suki deshita. Kokuhaku Jikkou Iinkai,329
31324,Grisaia no Meikyuu: Caprice no Mayu 0 - Takizono Basketball Club no Nama Cream Party!,330
31368,Grisaia no Rakuen Specials,331
31374,Shingeki! Kyojin Chuugakkou,332
31500,High School Fleet,333
31540,Sekkou Boys,334
31553,Charlotte: Tsuyoimono-tachi,335
31559,Prince of Stride: Alternative,336
31564,Sansha Sanyou,337
31588,All Out!!,338
31621,Ooya-san wa Shishunki!,339
31645,Persona 5 the Animation: The Day Breakers,340
31646,3-gatsu no Lion,341
31658,Kuroko no Basket Movie 4: Last Game,342
31665,Hibike! Euphonium: Kakedasu Monaka,343
31733,Bishoujo Senshi Sailor Moon Crystal Season III,344
31771,Amanchu!,345
31783,Yowamushi Pedal: New Generation,346
31790,Active Raid: Kidou Kyoushuushitsu Dai Hachi Gakari,347
31804,Kuma Miko,348
31904,Big Order (TV),349
31953,New Game!,350
31964,Boku no Hero Academia,351
31988,Hibike! Euphonium 2,352
32013,Oshiete! Galko-chan,353
32032,Seikaisuru Kado,354
32093,Tanaka-kun wa Itsumo Kedaruge,355
32175,Shounen Maid,356
32245,Kuromukuro,357
32271,Dies Irae,358
32366,Gintama°: Aizome Kaori-hen,359
32483,Cheer Danshi!!,360
32491,Kanojo to Kanojo no Neko: Everything Flows,361
32494,Days,362
32526,Love Live! Sunshine!!,363
32542,Sakamoto desu ga?,364
32547,Non Non Biyori Repeat: Hotaru ga Tanoshinda,365
32561,Hai to Gensou no Grimgar: Furoagari no Kabe ni Kaketa Seishun - One More Centimeter,366
32607,Gi(a)rlish Number,367
32648,Handa-kun,368
32664,Bananya,369
32935,Haikyuu!! Karasuno Koukou vs. Shiratorizawa Gakuen Koukou,370
32962,Occultic;Nine,371
32977,Aggressive Retsuko,372
33080,Brotherhood: Final Fantasy XV,373
33082,Kingsglaive: Final Fantasy XV,374
33094,WWW.Working!!,375
33095,Shouwa Genroku Rakugo Shinjuu: Sukeroku Futatabi-hen,376
33142,Re:Zero kara Hajimeru Break Time,377
33197,Lostorage Incited WIXOSS,378
33222,Fudanshi Koukou Seikatsu,379
33241,Honobono Log,380
33255,Saiki Kusuo no Ψ-nan,381
33352,Violet Evergarden,382
33486,Boku no Hero Academia 2nd Season,383
33524,Sakamoto desu ga? Sakamoto deshita?,384
33569,Re:Petit kara Hajimeru Isekai Seikatsu,385
33836,Seiren,386
33845,Free! Movie 1: Timeless Medley - Kizuna,387
33899,IDOLiSH7,388
33926,Quanzhi Gaoshou,389
33929,Boku no Hero Academia: Sukue! Kyuujo Kunren!,390
33948,Hinako Note,391
34009,Tu Bian Yingxiong Baba,392
34104,Knight's & Magic,393
34148,Nyanko Days,394
34240,Shelter (Music),395
34262,Oushitsu Kyoushi Heine,396
34277,"New Game! Watashi, Shain Ryokou tte Hajimete nanode...",397
34389,Koro-sensei Quest!,398
34392,One Room,399
34420,Isekai Izakaya: Koto Aitheria no Izakaya Nobu,400
34438,Code Geass: Hangyaku no Lelouch I - Koudou,401
34439,Code Geass: Hangyaku no Lelouch II - Handou,402
34440,Code Geass: Hangyaku no Lelouch III - Oudou,403
34443,Baki,404
34494,Sakura Quest,405
34501,Kenka Banchou Otome: Girl Beats Boys,406
34504,Seitokai Yakuindomo Movie,407
34612,Saiki Kusuo no Ψ-nan 2,408
34618,Blend S,409
34636,Ballroom e Youkoso,410
34798,Yuru Camp△,411
34822,Tsuki ga Kirei,412
34839,Sanrio Danshi,413
34881,Aho Girl,414
34914,New Game!!,415
34973,Love Live! Sunshine!! 2nd Season,416
35015,Ani ni Tsukeru Kusuri wa Nai!,417
35067,Osomatsu-san 2nd Season,418
35078,Mitsuboshi Colors,419
35110,Haikyuu!! Movie 3: Sainou to Sense,420
35111,Haikyuu!! Movie 4: Concept no Tatakai,421
35180,3-gatsu no Lion 2nd Season,422
35198,Free! Take Your Marks,423
35222,Gakuen Babysitters,424
35249,Uma Musume: Pretty Derby,425
35262,Boku no Hero Academia: Hero Note,426
35330,Poputepipikku,427
35376,Himouto! Umaru-chan R,428
35382,Yuri!!! on Ice: Yuri Plisetsky GPF in Barcelona EX - Welcome to The Madness,429
35427,Animegataris,430
35434,Konbini Kareshi,431
35459,Boku no Hero Academia: Training of the Dead,432
35503,Shoujo☆Kageki Revue Starlight,433
35540,Slow Start,434
35678,Hibike! Euphonium Movie 3: Chikai no Finale,435
35756,Comic Girls,436
35789,Yowamushi Pedal: Glory Line,437
35806,"Haikyuu!! vs. ""Akaten""",438
35821,Chio-chan no Tsuugakuro,439
35848,Promare,440
35868,Grisaia: Phantom Trigger The Animation,441
35905,Ryuuou no Oshigoto!,442
35983,Harukana Receive,443
36023,Persona 5 the Animation,444
36198,"Omiai Aite wa Oshiego, Tsuyoki na, Mondaiji.",445
36214,Asagao to Kase-san.,446
36286,Re:Zero kara Hajimeru Isekai Seikatsu - Memory Snow,447
36296,Hinamatsuri,448
36317,Gaikotsu Shotenin Honda-san,449
36431,One Room: Second Season,450
36456,Boku no Hero Academia 3rd Season,451
36475,Sword Art Online Alternative: Gun Gale Online,452
36517,Ninja Batman,453
36652,Piano no Mori (TV),454
36653,Tsurune: Kazemai Koukou Kyuudou-bu,455
36704,Free! Dive to the Future,456
36793,3D Kanojo: Real Girl,457
36896,Boku no Hero Academia the Movie 1: Futari no Hero,458
36902,Mahou Shoujo Ore,459
36903,Kengan Ashura,460
36904,Aggressive Retsuko (ONA),461
36934,Captain Tsubasa (2018),462
36962,Shokugeki no Souma: San no Sara - Kyokuseiryou no Erina,463
36990,Non Non Biyori Movie: Vacation,464
37007,Hinomaruzumou,465
37021,Iya na Kao sare nagara Opantsu Misete Moraitai,466
37078,Quanzhi Gaoshou Specials,467
37095,"Violet Evergarden: Kitto ""Ai"" wo Shiru Hi ga Kuru no Darou",468
37105,Grand Blue,469
37141,Hataraku Saibou,470
37171,Asobi Asobase,471
37221,Release the Spyce,472
37259,Hanebado!,473
37341,Yuru Camp△ Specials,474
37403,Ahiru no Sora,475
37436,Revisions,476
37492,Steins;Gate 0: Kesshou Takei no Valentine - Bittersweet Intermedio,477
37498,Black Fox,478
37578,Planet With,479
37587,Lapis Re:LiGHTs,480
37614,Hitoribocchi no Marumaru Seikatsu,481
37890,Oshi ga Budoukan Ittekuretara Shinu,482
37924,Ani ni Tsukeru Kusuri wa Nai! 2,483
37932,Quanzhi Gaoshou 2,484
37956,3D Kanojo: Real Girl 2nd Season,485
37975,Piano no Mori (TV) 2nd Season,486
37985,Aggressive Retsuko (ONA) 2nd Season,487
37993,Watashi ni Tenshi ga Maiorita!,488
37996,Asobi Asobase: Cosplay Taikai/Otona no Watashi e,489
38002,Asobi Asobase Specials,490
38080,Kono Oto Tomare!,491
38145,"Doukyonin wa Hiza, Tokidoki, Atama no Ue.",492
38249,Saiki Kusuo no Ψ-nan: Kanketsu-hen,493
38276,Houkago Saikoro Club,494
38295,Joshikausei,495
38302,Boku no Tonari ni Ankoku Hakaishin ga Imasu.,496
38337,Gochuumon wa Usagi desu ka? Bloom,497
38349,Wotaku ni Koi wa Muzukashii OVA,498
38390,Chuubyou Gekihatsu Boy,499
38400,Free! Movie 4: The Final Stroke - Zenpen,500
38408,Boku no Hero Academia 4th Season,501
38474,Yuru Camp△ Season 2,502
38475,Yuru Camp△ Movie,503
38476,Heya Camp△,504
38572,Assassins Pride,505
38619,Joshikousei no Mudazukai,506
38699,Boku no Hero Academia the Movie 1: Futari no Hero Specials,507
38731,Diamond no Ace: Act II,508
38733,Hataraku Saibou: Kaze Shoukougun,509
38777,Jujutsu Kaisen Official PVs,510
38815,Aggressive Retsuko: We Wish You a Metal Christmas,511
38883,Haikyuu!! To the Top,512
38889,Kono Oto Tomare! Part 2,513
38924,Nekopara,514
38935,Miru Tights,515
39071,Machikado Mazoku,516
39175,Cider no You ni Kotoba ga Wakiagaru,517
39388,Koisuru Asteroid,518
39417,Granbelm,519
39468,Honzuki no Gekokujou: Shisho ni Naru Tame ni wa Shudan wo Erandeiraremasen,520
39495,Totsukuni no Shoujo,521
39534,Jibaku Shounen Hanako-kun,522
39555,Baki: Dai Raitaisai-hen,523
39565,Boku no Hero Academia the Movie 2: Heroes:Rising,524
39583,number24,525
39586,Hataraku Saibou!!,526
39741,Violet Evergarden Gaiden: Eien to Jidou Shuki Ningyou,527
39790,Adachi to Shimamura,528
39808,Non Non Biyori Nonstop,529
39894,Hibike! Euphonium 3,530
39921,Re:Zero kara Hajimeru Isekai Seikatsu - Memory Snow - Manner Movie,531
40080,Quanzhi Gaoshou: Dianfeng Rongyao,532
40128,Arte,533
40148,22/7,534
40165,Listeners,535
40215,Aggressive Retsuko (ONA) 3rd Season,536
40262,Haikyuu!! Riku vs. Kuu,537
40269,Kengan Ashura Part 2,538
40392,Runway de Waratte,539
40532,Appare-Ranman!,540
40542,Saiki Kusuo no Ψ-nan: Ψ-shidou-hen,541
40615,Umibe no Étranger,542
40620,Uramichi Oniisan,543
40682,Kingdom 3rd Season,544
40685,Super Cub,545
40716,Kakushigoto,546
40746,Overflow,547
40752,Bishounen Tanteidan,548
40776,Haikyuu!! To the Top Part 2,549
40803,Hypnosis Mic: Division Rap Battle - Rhyme Anima,550
40815,Honzuki no Gekokujou: Shisho ni Naru Tame ni wa Shudan wo Erandeiraremasen 2nd Season,551
40842,Idoly Pride,552
40870,SSSS.Dynazenon,553
40879,Love Live! Nijigasaki Gakuen School Idol Doukoukai,554
41120,Fugou Keiji: Balance:Unlimited,555
41169,Love Live! Superstar!!,556
41587,Boku no Hero Academia 5th Season,557
41590,Re:Zero kara Hajimeru Isekai Seikatsu - Hyouketsu no Kizuna - Manner Movie,558
41619,Munou na Nana,559
41783,Iwa Kakeru! Sport Climbing Girls,560
41930,Kamisama ni Natta Hi,561
41946,Shuumatsu no Harem,562
42250,Bungou Stray Dogs Wan!,563
42429,Honzuki no Gekokujou: Shisho ni Naru Tame ni wa Shudan wo Erandeiraremasen 3rd Season,564
42568,Yaku nara Mug Cup mo,565
42590,Mashiro no Oto,566
42603,Boku no Hero Academia: Ikinokore! Kesshi no Survival Kunren,567
42668,Taisou Zamurai,568
42745,Machikado Mazoku: 2-choume,569
42897,Horimiya,570
42923,SK∞,571
42940,Hanma Baki: Son of Ogre,572
42941,Uma Musume: Pretty Derby Season 2,573
43683,Boku no Hero Academia the Movie 2: Heroes:Rising - Epilogue Plus - Yume wo Genjitsu ni,574
43691,Kageki Shoujo!!,575
43692,Gokushufudou,576
43756,Bakuten!!,577
44042,Holo no Graffiti,578
44055,Sasaki to Miyano,579
44059,Puparia,580
44200,Boku no Hero Academia the Movie 3: World Heroes' Mission,581
45489,Aggressive Retsuko (ONA) 4th Season,582
46093,Shiroi Suna no Aquatope,583
46118,Wave!! Surfing Yappe!! (TV),584
46352,Blue Period,585
47917,Bocchi the Rock!,586
48405,Totsukuni no Shoujo (2022),587
48406,Re-Main,588
48471,Tsuki to Laika to Nosferatu,589
48542,Do It Yourself!!,590
48553,Akebi-chan no Sailor-fuku,591
48633,Liar Liar,592
48702,Dance Dance Danseur,593
48707,Gokushufudou Part 2,594
48736,Sono Bisque Doll wa Koi wo Suru,595
48776,Build Divide: Code Black,596
48779,Deaimon,597
48926,"Komi-san wa, Comyushou desu.",598
49052,Ao Ashi,599
49363,SK∞ OVA: Extra Part,600
49438,Isekai Yakkyoku,601
49519,Hakozume: Kouban Joshi no Gyakushuu,602
49596,Blue Lock,603
49722,Karakai Jouzu no Takagi-san Movie,604
49766,Under Ninja,605
49776,Kumichou Musume to Sewagakari,606
49828,Kidou Senshi Gundam: Suisei no Majo,607
49909,Kotarou wa Hitorigurashi,608
49918,Boku no Hero Academia 6th Season,609
49938,Ame wo Tsugeru Hyouryuu Danchi,610
50160,Kingdom 4th Season,611
50185,Ryman's Club,612
50248,Birdie Wing: Golf Girls' Story,613
50273,Tomodachi Game,614
50325,Kaguya-sama wa Kokurasetai: Ultra Romantic Teaser PV - Ishigami Yuu wa Kataritai,615
50380,Paripi Koumei,616
50416,Skip to Loafer,617
50425,"Fuufu Ijou, Koibito Miman.",618
50613,Rurouni Kenshin: Meiji Kenkaku Romantan (2023),619
50631,"Komi-san wa, Comyushou desu. 2nd Season",620
50663,Poputepipikku 2nd Season,621
50695,MF Ghost,622
50709,Lycoris Recoil,623
50739,Otonari no Tenshi-sama ni Itsunomanika Dame Ningen ni Sareteita Ken,624
50796,Kimi wa Houkago Insomnia,625
51098,Shinobi no Ittoki,626
51318,Hanma Baki: Son of Ogre 2nd Season,627
51381,RWBY: Hyousetsu Teikoku,628
51440,Sasaki to Miyano Movie: Sotsugyou-hen,629
51553,Tongari Boushi no Atelier,630
51614,Ao no Orchestra,631
51678,Oniichan wa Oshimai!,632
51680,Cool Doji Danshi,633
51781,Boku no Hero Academia (ONA),634
51916,Dekiru Neko wa Kyou mo Yuuutsu,635
52168,Kidou Senshi Gundam: Suisei no Majo - Prologue,636
52215,Chi. Chikyuu no Undou ni Tsuite,637
52446,Kaiko sareta Ankoku Heishi (30-dai) no Slow na Second Life,638
52461,Rougo ni Sonaete Isekai de 8-manmai no Kinka wo Tamemasu,639
52481,Gimai Seikatsu,640
52611,Okashi na Tensei,641
52742,Haikyuu!! Movie: Gomisuteba no Kessen,642
52826,Tsurune: Tsunagari no Issha,643
52962,"Tearmoon Teikoku Monogatari: Dantoudai kara Hajimaru, Hime no Tensei Gyakuten Story",644
52990,"Keikenzumi na Kimi to, Keiken Zero na Ore ga, Otsukiai suru Hanashi.",645
53026,Synduality: Noir,646
53065,Sono Bisque Doll wa Koi wo Suru Season 2,647
53126,Yamada-kun to Lv999 no Koi wo Suru,648
53148,Gokushufudou Season 2,649
53199,Kidou Senshi Gundam: Suisei no Majo Season 2,650
53223,Kingdom 5th Season,651
53262,Hoshikuzu Telepath,652
53300,Ojou to Banken-kun,653
53356,Shuumatsu Train Doko e Iku?,654
53410,Yuru Camp△ Season 3,655
53428,Ayaka,656
53447,Tu Bian Yingxiong X,657
53526,Uma Musume: Pretty Derby Season 3,658
53924,Jibaku Shounen Hanako-kun 2,659
54041,16bit Sensation: Another Layer,660
54284,VTuber Nandaga Haishin Kiri Wasuretara Densetsu ni Natteta,661
54301,Overtake!,662
54789,Boku no Hero Academia 7th Season,663
54837,Akuyaku Reijou Level 99: Watashi wa Ura-Boss desu ga Maou dewa Arimasen,664
54839,Yoru no Kurage wa Oyogenai,665
54856,Horimiya: Piece,666
54865,Blue Lock vs. U-20 Japan,667
54866,Blue Lock: Episode Nagi,668
54900,Wind Breaker,669
55102,Girls Band Cry,670
55153,Yuzuki-san Chi no Yonkyoudai.,671
55310,Atarashii Joushi wa Do Tennen,672
55597,Hananoi-kun to Koi no Yamai,673
55791,[Oshi no Ko] 2nd Season,674
55844,Tasogare Out Focus,675
55866,Yubisaki to Renren,676
55887,"Kekkon suru tte, Hontou desu ka",677
55994,Sword Art Online Alternative: Gun Gale Online II,678
56055,Monsters: Ippyaku Sanjou Hiryuu Jigoku,679
56196,Boku no Hero Academia the Movie 4: You're Next,680
56352,"Loop 7-kaime no Akuyaku Reijou wa, Moto Tekikoku de Jiyuu Kimama na Hanayome Seikatsu wo Mankitsu suru",681
56734,Class de 2-banme ni Kawaii Onnanoko to Tomodachi ni Natta,682
56752,Shiguang Dailiren: Yingdu Pian,683
56876,Otonari no Tenshi-sama ni Itsunomanika Dame Ningen ni Sareteita Ken 2,684
56907,Koujo Denka no Kateikyoushi,685
56964,Raise wa Tanin ga Ii,686
57466,Honzuki no Gekokujou: Shisho ni Naru Tame ni wa Shudan wo Erandeiraremasen - Ryoushu no Youjo,687
57554,Rurouni Kenshin: Meiji Kenkaku Romantan - Kyoto Douran,688
57559,MF Ghost 2nd Season,689
57647,Uma Musume: Pretty Derby - Shin Jidai no Tobira,690
57810,Shoushimin Series,691
57888,"Chichi wa Eiyuu, Haha wa Seirei, Musume no Watashi wa Tenseisha.",692
58080,Kenka Dokugaku,693
58271,Honey Lemon Soda,694
58359,"Isshun de Chiryou shiteita noni Yakutatazu to Tsuihou sareta Tensai Chiyushi, Yami Healer toshite Tanoshiku Ikiru",695
58426,Shikanoko Nokonoko Koshitantan,696
58492,Mono,697
58600,Ameku Takao no Suiri Karte,698
58725,Ninja to Koroshiya no Futarigurashi,699
58788,Ikoku Nikki,700
58967,Haikyuu!! Movie: vs. Chiisana Kyojin,701
59160,Wind Breaker Season 2,702
59265,Magic Maker: Isekai Mahou no Tsukurikata,703
59360,Rock wa Lady no Tashinami deshite,704
59369,Lycoris Recoil: Friends Are Thieves of Time.,705
59425,NegaPosi Angler,706
59459,Silent Witch: Chinmoku no Majo no Kakushigoto,707
59490,Kaijuu 8-gou: Hoshina no Kyuujitsu,708
59561,Around 40 Otoko no Isekai Tsuuhan,709
59619,Ame to Kimi to,710
59791,Ruri no Houseki,711
59828,Shoushimin Series 2nd Season,712
59898,City The Animation,713
59986,Grand Blue Season 2,714
60058,[Oshi no Ko] 3rd Season,715
60098,Boku no Hero Academia: Final Season,716
60146,"Saikyou no Ousama, Nidome no Jinsei wa Nani wo Suru?",717
60334,Anne Shirley,718
60593,Vigilante: Boku no Hero Academia Illegals,719
60658,Hibi wa Sugiredo Meshi Umashi,720
60810,Majutsushi Kunon wa Mieteiru,721
61006,Bocchi the Rock! 2nd Season,722
61339,Jibaku Shounen Hanako-kun 2 Part 2,723
61549,Okiraku Ryoushu no Tanoshii Ryouchi Bouei: Seisankei Majutsu de Na mo Naki Mura wo Saikyou no Jousai Toshi ni,724
61663,Uruwashi no Yoi no Tsuki,725
61831,"Saikyou no Ousama, Nidome no Jinsei wa Nani wo Suru? Season 2",726
61942,Vigilante: Boku no Hero Academia Illegals 2nd Season,727
62164,Akane-banashi,728
62542,Grand Blue Season 3,729
62913,Needy Girl Overdose,730
63130,Boku no Hero Academia: More,731
63375,Nippon Sangoku,732
63794,[Oshi no Ko] 4th Season,733
